english_word,bangla_word,part_of_speech,image_url,original_file,cloudinary_public_id,file_id,word_id
"Abate","কমে যাওয়া, হ্রাস পাওয়া","Verb","https://res.cloudinary.com/ds8p3rvyx/image/upload/v1785597661/words/1/1785597660671_words_1.jpg.jpg","images (1).jpg","words/1/1785597660671_words_1.jpg",31,"50196554-7504-42f2-9556-eb10275964b6"
"Above","উপরে","Noun","https://res.cloudinary.com/ds8p3rvyx/image/upload/v1787679240/words/10a9dfee-6665-4263-89c4-838300146c5c/1787679237294_words_10a9dfee-6665-4263-89c4-838300146c5c.jpg.jpg","Above.jpg","words/10a9dfee-6665-4263-89c4-838300146c5c/1787679237294_words_10a9dfee-6665-4263-89c4-838300146c5c.jpg",123,"10a9dfee-6665-4263-89c4-838300146c5c"
"Active","সক্রিয়","Adjective","https://res.cloudinary.com/ds8p3rvyx/image/upload/v1782752758/words/1/1782752757153_words_1.jpeg.jpg","images.jpeg","words/1/1782752757153_words_1.jpeg",22,"b29b568f-0330-4c56-9f5e-b39b7cdb8078"
"Activity","কাজ/কার্যকলাপ","Noun","https://res.cloudinary.com/ds8p3rvyx/image/upload/v1787679240/words/d8858c69-309a-4d68-8b82-8ac7447dfc2c/1787679237383_words_d8858c69-309a-4d68-8b82-8ac7447dfc2c.png.png","Activity.png","words/d8858c69-309a-4d68-8b82-8ac7447dfc2c/1787679237383_words_d8858c69-309a-4d68-8b82-8ac7447dfc2c.png",124,"d8858c69-309a-4d68-8b82-8ac7447dfc2c"
"Afraid","ভীত","Adjective","https://res.cloudinary.com/ds8p3rvyx/image/upload/v1787679240/words/361acf4b-a505-49c4-bb38-0f8976162019/1787679237386_words_361acf4b-a505-49c4-bb38-0f8976162019.png.png","Afraid.png","words/361acf4b-a505-49c4-bb38-0f8976162019/1787679237386_words_361acf4b-a505-49c4-bb38-0f8976162019.png",122,"361acf4b-a505-49c4-bb38-0f8976162019"
"after","পরে","prep/adv","https://res.cloudinary.com/ds8p3rvyx/image/upload/v1787679239/words/a2b3cf3b-49c2-4837-96db-3de94749b0f2/1787679237389_words_a2b3cf3b-49c2-4837-96db-3de94749b0f2.jpg.jpg","After.jpg","words/a2b3cf3b-49c2-4837-96db-3de94749b0f2/1787679237389_words_a2b3cf3b-49c2-4837-96db-3de94749b0f2.jpg",121,"a2b3cf3b-49c2-4837-96db-3de94749b0f2"
"afternoon","বিকাল","n.","https://res.cloudinary.com/ds8p3rvyx/image/upload/v1787679242/words/6e16e78d-ea73-4fd4-914e-667e726ff927/1787679240086_words_6e16e78d-ea73-4fd4-914e-667e726ff927.png.png","Afternoon.png","words/6e16e78d-ea73-4fd4-914e-667e726ff927/1787679240086_words_6e16e78d-ea73-4fd4-914e-667e726ff927.png",127,"6e16e78d-ea73-4fd4-914e-667e726ff927"
"again","আবার","adv.","https://res.cloudinary.com/ds8p3rvyx/image/upload/v1787679241/words/e603d965-47c1-42ea-98fc-0c7e6851df3f/1787679240910_words_e603d965-47c1-42ea-98fc-0c7e6851df3f.png.png","Again.png","words/e603d965-47c1-42ea-98fc-0c7e6851df3f/1787679240910_words_e603d965-47c1-42ea-98fc-0c7e6851df3f.png",125,"e603d965-47c1-42ea-98fc-0c7e6851df3f"
"age","বয়স","n.","https://res.cloudinary.com/ds8p3rvyx/image/upload/v1787679242/words/6db4c600-5d1a-4e5e-8f9e-bd83e5efa327/1787679241042_words_6db4c600-5d1a-4e5e-8f9e-bd83e5efa327.png.png","Age.png","words/6db4c600-5d1a-4e5e-8f9e-bd83e5efa327/1787679241042_words_6db4c600-5d1a-4e5e-8f9e-bd83e5efa327.png",128,"6db4c600-5d1a-4e5e-8f9e-bd83e5efa327"
"Air","বাতাস","Noun","https://res.cloudinary.com/ds8p3rvyx/image/upload/v1787679242/words/c0c093dc-907c-406e-bda2-770bc0b2eb94/1787679241114_words_c0c093dc-907c-406e-bda2-770bc0b2eb94.jpg.jpg","Air.jpg","words/c0c093dc-907c-406e-bda2-770bc0b2eb94/1787679241114_words_c0c093dc-907c-406e-bda2-770bc0b2eb94.jpg",126,"c0c093dc-907c-406e-bda2-770bc0b2eb94"
"Angry","রাগী","Adjective","https://res.cloudinary.com/ds8p3rvyx/image/upload/v1787679243/words/651cfa7a-766d-45e4-9651-ec4be1c296fa/1787679242040_words_651cfa7a-766d-45e4-9651-ec4be1c296fa.png.png","Angry.png","words/651cfa7a-766d-45e4-9651-ec4be1c296fa/1787679242040_words_651cfa7a-766d-45e4-9651-ec4be1c296fa.png",132,"651cfa7a-766d-45e4-9651-ec4be1c296fa"
"Animal","প্রাণী","Noun","https://res.cloudinary.com/ds8p3rvyx/image/upload/v1782751527/words/1/1782751525747_words_1.jpg.jpg","cow.jpg","words/1/1782751525747_words_1.jpg",21,"d7f5f038-9458-4fa9-95cc-5523bfb1fa04"
"Another","আরেকটি","Determiner/Pronoun","https://res.cloudinary.com/ds8p3rvyx/image/upload/v1787679243/words/9175dc1d-ec19-4083-81eb-489afb497bb4/1787679242361_words_9175dc1d-ec19-4083-81eb-489afb497bb4.png.png","Another.png","words/9175dc1d-ec19-4083-81eb-489afb497bb4/1787679242361_words_9175dc1d-ec19-4083-81eb-489afb497bb4.png",129,"9175dc1d-ec19-4083-81eb-489afb497bb4"
"Answer","উত্তর","Noun/Verb","https://res.cloudinary.com/ds8p3rvyx/image/upload/v1787679243/words/9a58ed2e-07c3-4460-8604-1921501204ef/1787679242419_words_9a58ed2e-07c3-4460-8604-1921501204ef.jpg.jpg","Answer.jpg","words/9a58ed2e-07c3-4460-8604-1921501204ef/1787679242419_words_9a58ed2e-07c3-4460-8604-1921501204ef.jpg",130,"9a58ed2e-07c3-4460-8604-1921501204ef"
"Ant","পিঁপড়া","Noun","https://res.cloudinary.com/ds8p3rvyx/image/upload/v1782296237/words/1/1782296235880_words_1.jpg.jpg","download.jpg","words/1/1782296235880_words_1.jpg",16,"c38bf1bf-c8f2-448b-a19f-2b2c2cb9306b"
"April","এপ্রিল","Noun","https://res.cloudinary.com/ds8p3rvyx/image/upload/v1787679243/words/73bd9fce-772b-4780-a79d-772a983e63c9/1787679242745_words_73bd9fce-772b-4780-a79d-772a983e63c9.png.png","April.png","words/73bd9fce-772b-4780-a79d-772a983e63c9/1787679242745_words_73bd9fce-772b-4780-a79d-772a983e63c9.png",131,"73bd9fce-772b-4780-a79d-772a983e63c9"
"Back","পেছন/ফিরে","Noun/Adverb/Verb","https://res.cloudinary.com/ds8p3rvyx/image/upload/v1787679244/words/0c7a2a5c-f44c-44d8-8e1c-ba30a17c22c5/1787679243515_words_0c7a2a5c-f44c-44d8-8e1c-ba30a17c22c5.png.png","Back.png","words/0c7a2a5c-f44c-44d8-8e1c-ba30a17c22c5/1787679243515_words_0c7a2a5c-f44c-44d8-8e1c-ba30a17c22c5.png",133,"0c7a2a5c-f44c-44d8-8e1c-ba30a17c22c5"
"Bag","ব্যাগ","Noun","https://res.cloudinary.com/ds8p3rvyx/image/upload/v1787679244/words/2c663e32-3876-42d4-8652-f5a4543e77cf/1787679243644_words_2c663e32-3876-42d4-8652-f5a4543e77cf.jpg.jpg","Bag.jpg","words/2c663e32-3876-42d4-8652-f5a4543e77cf/1787679243644_words_2c663e32-3876-42d4-8652-f5a4543e77cf.jpg",134,"2c663e32-3876-42d4-8652-f5a4543e77cf"
"Ball","বল","Noun","https://res.cloudinary.com/ds8p3rvyx/image/upload/v1787679244/words/8aa19bdd-b63f-4064-80a9-fe5ed302e213/1787679243945_words_8aa19bdd-b63f-4064-80a9-fe5ed302e213.jpg.jpg","Ball.jpg","words/8aa19bdd-b63f-4064-80a9-fe5ed302e213/1787679243945_words_8aa19bdd-b63f-4064-80a9-fe5ed302e213.jpg",135,"8aa19bdd-b63f-4064-80a9-fe5ed302e213"
"banana","কলা","Noun","https://res.cloudinary.com/ds8p3rvyx/image/upload/v1782296422/words/1/1782296421172_words_1.jpg.jpg","download (1).jpg","words/1/1782296421172_words_1.jpg",17,"76ef1702-ea12-48c9-8ce3-79c43cf22558"
"Bed","বিছানা","Noun","https://res.cloudinary.com/ds8p3rvyx/image/upload/v1787679244/words/966ba4bb-03ac-4881-8ecf-c2e7a269cbb8/1787679243999_words_966ba4bb-03ac-4881-8ecf-c2e7a269cbb8.jpg.jpg","Bed.jpg","words/966ba4bb-03ac-4881-8ecf-c2e7a269cbb8/1787679243999_words_966ba4bb-03ac-4881-8ecf-c2e7a269cbb8.jpg",136,"966ba4bb-03ac-4881-8ecf-c2e7a269cbb8"
"Before","আগে","Preposition/Adverb","https://res.cloudinary.com/ds8p3rvyx/image/upload/v1787679245/words/a2614ac7-465e-4cf9-826a-c1a0302f4f19/1787679244541_words_a2614ac7-465e-4cf9-826a-c1a0302f4f19.jpg.jpg","Before.jpg","words/a2614ac7-465e-4cf9-826a-c1a0302f4f19/1787679244541_words_a2614ac7-465e-4cf9-826a-c1a0302f4f19.jpg",137,"a2614ac7-465e-4cf9-826a-c1a0302f4f19"
"Below","নিচে","Preposition/Adverb","https://res.cloudinary.com/ds8p3rvyx/image/upload/v1787679245/words/f156b0a1-6d39-4fff-8faf-fd51fd4b326d/1787679245106_words_f156b0a1-6d39-4fff-8faf-fd51fd4b326d.png.png","Below.png","words/f156b0a1-6d39-4fff-8faf-fd51fd4b326d/1787679245106_words_f156b0a1-6d39-4fff-8faf-fd51fd4b326d.png",140,"f156b0a1-6d39-4fff-8faf-fd51fd4b326d"
"Between","মধ্যে","Preposition","https://res.cloudinary.com/ds8p3rvyx/image/upload/v1787679246/words/d7cdb54c-5804-4869-8086-ab8727347440/1787679245161_words_d7cdb54c-5804-4869-8086-ab8727347440.png.png","Between.png","words/d7cdb54c-5804-4869-8086-ab8727347440/1787679245161_words_d7cdb54c-5804-4869-8086-ab8727347440.png",138,"d7cdb54c-5804-4869-8086-ab8727347440"
"Big","বড়","Adjective","https://res.cloudinary.com/ds8p3rvyx/image/upload/v1787679246/words/d76798d9-7269-4fb4-8562-bfaffa03e652/1787679245276_words_d76798d9-7269-4fb4-8562-bfaffa03e652.png.png","Big.png","words/d76798d9-7269-4fb4-8562-bfaffa03e652/1787679245276_words_d76798d9-7269-4fb4-8562-bfaffa03e652.png",139,"d76798d9-7269-4fb4-8562-bfaffa03e652"
"Board","বোর্ড","Noun","https://res.cloudinary.com/ds8p3rvyx/image/upload/v1787679246/words/efedc704-f5ae-4c64-9cab-ea3982d7a434/1787679245536_words_efedc704-f5ae-4c64-9cab-ea3982d7a434.jpg.jpg","Board.jpg","words/efedc704-f5ae-4c64-9cab-ea3982d7a434/1787679245536_words_efedc704-f5ae-4c64-9cab-ea3982d7a434.jpg",141,"efedc704-f5ae-4c64-9cab-ea3982d7a434"
"boat","নৌকা","Noun","https://res.cloudinary.com/ds8p3rvyx/image/upload/v1782296478/words/1/1782296477601_words_1.jpg.jpg","StockCake-Sunset_Boat_Serenity-1181356-small.jpg","words/1/1782296477601_words_1.jpg",18,"0669468e-78e8-4a26-bc5c-ca140c78aed2"
"Book","বই","Noun","https://res.cloudinary.com/ds8p3rvyx/image/upload/v1787679247/words/d61276ef-22c3-4ebe-961a-9c79f186382d/1787679246165_words_d61276ef-22c3-4ebe-961a-9c79f186382d.jpg.jpg","Book.jpg","words/d61276ef-22c3-4ebe-961a-9c79f186382d/1787679246165_words_d61276ef-22c3-4ebe-961a-9c79f186382d.jpg",142,"d61276ef-22c3-4ebe-961a-9c79f186382d"
"borrow","ধার করা","v","https://res.cloudinary.com/ds8p3rvyx/image/upload/v1787679247/words/6839e088-4f84-48d7-a9d4-84d918ed42df/1787679246447_words_6839e088-4f84-48d7-a9d4-84d918ed42df.jpg.jpg","Borrow.jpg","words/6839e088-4f84-48d7-a9d4-84d918ed42df/1787679246447_words_6839e088-4f84-48d7-a9d4-84d918ed42df.jpg",144,"6839e088-4f84-48d7-a9d4-84d918ed42df"
"Breakfast","সকালের খাবার","Noun","https://res.cloudinary.com/ds8p3rvyx/image/upload/v1787679247/words/69910170-dbdf-49e0-8674-480dfbf75999/1787679246505_words_69910170-dbdf-49e0-8674-480dfbf75999.jpg.jpg","Breakfast.jpg","words/69910170-dbdf-49e0-8674-480dfbf75999/1787679246505_words_69910170-dbdf-49e0-8674-480dfbf75999.jpg",143,"69910170-dbdf-49e0-8674-480dfbf75999"
"Brother","ভাই","Noun","https://res.cloudinary.com/ds8p3rvyx/image/upload/v1787679247/words/f5e6fdc2-f008-43d6-9826-9582cf7f1979/1787679246805_words_f5e6fdc2-f008-43d6-9826-9582cf7f1979.png.png","Brother.png","words/f5e6fdc2-f008-43d6-9826-9582cf7f1979/1787679246805_words_f5e6fdc2-f008-43d6-9826-9582cf7f1979.png",146,"f5e6fdc2-f008-43d6-9826-9582cf7f1979"
"Brush","ব্রাশ","Noun/Verb","https://res.cloudinary.com/ds8p3rvyx/image/upload/v1787679248/words/6d7ad279-3919-4c25-9b9a-c32f540fec08/1787679247183_words_6d7ad279-3919-4c25-9b9a-c32f540fec08.jpg.jpg","Brush.jpg","words/6d7ad279-3919-4c25-9b9a-c32f540fec08/1787679247183_words_6d7ad279-3919-4c25-9b9a-c32f540fec08.jpg",145,"6d7ad279-3919-4c25-9b9a-c32f540fec08"
"But","কিন্তু","Conjunction","https://res.cloudinary.com/ds8p3rvyx/image/upload/v1787679248/words/ecfdfe40-4385-43fe-918f-c78c7f5ef2b0/1787679247515_words_ecfdfe40-4385-43fe-918f-c78c7f5ef2b0.png.png","But.png","words/ecfdfe40-4385-43fe-918f-c78c7f5ef2b0/1787679247515_words_ecfdfe40-4385-43fe-918f-c78c7f5ef2b0.png",147,"ecfdfe40-4385-43fe-918f-c78c7f5ef2b0"
"calendar","পঞ্জিকা/ক্যালেন্ডার","Noun","https://res.cloudinary.com/ds8p3rvyx/image/upload/v1782296671/words/1/1782296670006_words_1.jpg.jpg","images.jpg","words/1/1782296670006_words_1.jpg",19,"4015935e-3cd4-42b4-a2a0-33a7db6734a0"
"Capital","বড় হাতের অক্ষর","Noun/Adjective","https://res.cloudinary.com/ds8p3rvyx/image/upload/v1787679248/words/703c21d0-01a9-4b86-817d-bb7394fd1fda/1787679247687_words_703c21d0-01a9-4b86-817d-bb7394fd1fda.jpg.jpg","Capital.jpg","words/703c21d0-01a9-4b86-817d-bb7394fd1fda/1787679247687_words_703c21d0-01a9-4b86-817d-bb7394fd1fda.jpg",148,"703c21d0-01a9-4b86-817d-bb7394fd1fda"
"Car","গাড়ি","Noun","https://res.cloudinary.com/ds8p3rvyx/image/upload/v1787679249/words/377d798c-ca05-433d-9dc5-b922b1a960f9/1787679248253_words_377d798c-ca05-433d-9dc5-b922b1a960f9.jpg.jpg","Car.jpg","words/377d798c-ca05-433d-9dc5-b922b1a960f9/1787679248253_words_377d798c-ca05-433d-9dc5-b922b1a960f9.jpg",150,"377d798c-ca05-433d-9dc5-b922b1a960f9"
"carefully","সাবধানে","adv","https://res.cloudinary.com/ds8p3rvyx/image/upload/v1787679249/words/89d73d41-7c71-4b52-8bbd-ec81dc2e207d/1787679248313_words_89d73d41-7c71-4b52-8bbd-ec81dc2e207d.png.png","Carefully.png","words/89d73d41-7c71-4b52-8bbd-ec81dc2e207d/1787679248313_words_89d73d41-7c71-4b52-8bbd-ec81dc2e207d.png",149,"89d73d41-7c71-4b52-8bbd-ec81dc2e207d"
"Carrot","গাজর","Noun","https://res.cloudinary.com/ds8p3rvyx/image/upload/v1787679249/words/37fc58ea-decd-42b9-a1d2-f91b8d83791f/1787679248704_words_37fc58ea-decd-42b9-a1d2-f91b8d83791f.jpg.jpg","Carrot.jpg","words/37fc58ea-decd-42b9-a1d2-f91b8d83791f/1787679248704_words_37fc58ea-decd-42b9-a1d2-f91b8d83791f.jpg",151,"37fc58ea-decd-42b9-a1d2-f91b8d83791f"
"Cat","বিড়াল","Noun","https://res.cloudinary.com/ds8p3rvyx/image/upload/v1787679249/words/d7e83225-a372-43df-8ae2-0f2332e02e24/1787679248949_words_d7e83225-a372-43df-8ae2-0f2332e02e24.jpg.jpg","Cat.jpg","words/d7e83225-a372-43df-8ae2-0f2332e02e24/1787679248949_words_d7e83225-a372-43df-8ae2-0f2332e02e24.jpg",152,"d7e83225-a372-43df-8ae2-0f2332e02e24"
"Children","শিশুরা","Noun","https://res.cloudinary.com/ds8p3rvyx/image/upload/v1787679250/words/cefdd1e4-0e7e-4ab1-ab51-16941404104b/1787679249342_words_cefdd1e4-0e7e-4ab1-ab51-16941404104b.jpg.jpg","Children.jpg","words/cefdd1e4-0e7e-4ab1-ab51-16941404104b/1787679249342_words_cefdd1e4-0e7e-4ab1-ab51-16941404104b.jpg",153,"cefdd1e4-0e7e-4ab1-ab51-16941404104b"
"circle","বৃত্ত; ঘিরে চলা","n/v","https://res.cloudinary.com/ds8p3rvyx/image/upload/v1787679250/words/f0a04957-d051-4d6d-9f6c-ae2fc73ff5b8/1787679249576_words_f0a04957-d051-4d6d-9f6c-ae2fc73ff5b8.jpg.jpg","Circle.jpg","words/f0a04957-d051-4d6d-9f6c-ae2fc73ff5b8/1787679249576_words_f0a04957-d051-4d6d-9f6c-ae2fc73ff5b8.jpg",154,"f0a04957-d051-4d6d-9f6c-ae2fc73ff5b8"
"City","শহর","Noun","https://res.cloudinary.com/ds8p3rvyx/image/upload/v1787679250/words/d04b57cd-ca1d-4927-99a4-74b555b1436a/1787679249772_words_d04b57cd-ca1d-4927-99a4-74b555b1436a.jpg.jpg","City.jpg","words/d04b57cd-ca1d-4927-99a4-74b555b1436a/1787679249772_words_d04b57cd-ca1d-4927-99a4-74b555b1436a.jpg",155,"d04b57cd-ca1d-4927-99a4-74b555b1436a"
"Class","শ্রেণি / ক্লাস","Noun","https://res.cloudinary.com/ds8p3rvyx/image/upload/v1787679251/words/749c523e-e58c-4883-a35b-66c610b0000d/1787679250303_words_749c523e-e58c-4883-a35b-66c610b0000d.jpg.jpg","Class.jpg","words/749c523e-e58c-4883-a35b-66c610b0000d/1787679250303_words_749c523e-e58c-4883-a35b-66c610b0000d.jpg",156,"749c523e-e58c-4883-a35b-66c610b0000d"
"clean","পরিষ্কার; পরিষ্কার করা","adj/v","https://res.cloudinary.com/ds8p3rvyx/image/upload/v1787679251/words/eb3ed609-d17f-4c1f-a8dd-be02de683a65/1787679250472_words_eb3ed609-d17f-4c1f-a8dd-be02de683a65.jpg.jpg","Clean.jpg","words/eb3ed609-d17f-4c1f-a8dd-be02de683a65/1787679250472_words_eb3ed609-d17f-4c1f-a8dd-be02de683a65.jpg",157,"eb3ed609-d17f-4c1f-a8dd-be02de683a65"
"Close","বন্ধ করা","Verb/Adjective","https://res.cloudinary.com/ds8p3rvyx/image/upload/v1787679251/words/a6ffc2ad-0b86-4b0e-8d06-8bd4303dae66/1787679250678_words_a6ffc2ad-0b86-4b0e-8d06-8bd4303dae66.jpg.jpg","Close.jpg","words/a6ffc2ad-0b86-4b0e-8d06-8bd4303dae66/1787679250678_words_a6ffc2ad-0b86-4b0e-8d06-8bd4303dae66.jpg",158,"a6ffc2ad-0b86-4b0e-8d06-8bd4303dae66"
"Coerce","জোরপূর্বক বাধ্য করা","Verb","https://res.cloudinary.com/ds8p3rvyx/image/upload/v1785592902/words/1/1785592900863_words_1.jpg.jpg","images.jpg","words/1/1785592900863_words_1.jpg",29,"87e773e5-8a35-4b5f-bbe3-82269e8f2007"
"Colour","রং","Noun/Verb","https://res.cloudinary.com/ds8p3rvyx/image/upload/v1787679251/words/30f3442a-db72-4033-bf0e-12cd377b2d22/1787679250845_words_30f3442a-db72-4033-bf0e-12cd377b2d22.png.png","Colour.png","words/30f3442a-db72-4033-bf0e-12cd377b2d22/1787679250845_words_30f3442a-db72-4033-bf0e-12cd377b2d22.png",159,"30f3442a-db72-4033-bf0e-12cd377b2d22"
"Come","আসা","Verb","https://res.cloudinary.com/ds8p3rvyx/image/upload/v1787679252/words/e8486f4b-a484-40ba-b6a8-608a47c8f08c/1787679251540_words_e8486f4b-a484-40ba-b6a8-608a47c8f08c.png.png","Come.png","words/e8486f4b-a484-40ba-b6a8-608a47c8f08c/1787679251540_words_e8486f4b-a484-40ba-b6a8-608a47c8f08c.png",160,"e8486f4b-a484-40ba-b6a8-608a47c8f08c"
"command","আদেশ","n/v","https://res.cloudinary.com/ds8p3rvyx/image/upload/v1787679252/words/0ce9a8fc-a9b2-4bc6-95d4-eee742273d16/1787679251823_words_0ce9a8fc-a9b2-4bc6-95d4-eee742273d16.png.png","Command.png","words/0ce9a8fc-a9b2-4bc6-95d4-eee742273d16/1787679251823_words_0ce9a8fc-a9b2-4bc6-95d4-eee742273d16.png",161,"0ce9a8fc-a9b2-4bc6-95d4-eee742273d16"
"Conversation","আলাপ; কথোপকথন","noun","https://res.cloudinary.com/ds8p3rvyx/image/upload/v1787679253/words/f45d6f68-ebe8-4f16-bded-55f9b39e87af/1787679252093_words_f45d6f68-ebe8-4f16-bded-55f9b39e87af.png.png","Conversation.png","words/f45d6f68-ebe8-4f16-bded-55f9b39e87af/1787679252093_words_f45d6f68-ebe8-4f16-bded-55f9b39e87af.png",162,"f45d6f68-ebe8-4f16-bded-55f9b39e87af"
"Correct","সঠিক","Adjective/Verb","https://res.cloudinary.com/ds8p3rvyx/image/upload/v1787679253/words/e1ea5bb9-7780-4d2a-8189-b64436dc6ec5/1787679252664_words_e1ea5bb9-7780-4d2a-8189-b64436dc6ec5.jpg.jpg","Correct.jpg","words/e1ea5bb9-7780-4d2a-8189-b64436dc6ec5/1787679252664_words_e1ea5bb9-7780-4d2a-8189-b64436dc6ec5.jpg",163,"e1ea5bb9-7780-4d2a-8189-b64436dc6ec5"
"Count","গণনা করা","Verb","https://res.cloudinary.com/ds8p3rvyx/image/upload/v1787679254/words/d9bfa5af-ffcb-4797-9f78-fb8a005716a6/1787679252722_words_d9bfa5af-ffcb-4797-9f78-fb8a005716a6.png.png","Count.png","words/d9bfa5af-ffcb-4797-9f78-fb8a005716a6/1787679252722_words_d9bfa5af-ffcb-4797-9f78-fb8a005716a6.png",167,"d9bfa5af-ffcb-4797-9f78-fb8a005716a6"
"Cover","ঢেকে রাখা","Verb","https://res.cloudinary.com/ds8p3rvyx/image/upload/v1787160536/words/1/1787160536045_words_1.jpg.jpg","images.jpg","words/1/1787160536045_words_1.jpg",33,"04020f4d-70ee-4921-a22a-41e1a70b4cdf"
"Cover","ঢেকে রাখা","Verb","https://res.cloudinary.com/ds8p3rvyx/image/upload/v1787160536/words/1/1787160536045_words_1.jpg.jpg","images.jpg","words/1/1787160536045_words_1.jpg",33,"04020f4d-70ee-4921-a22a-41e1a70b4cdf"
"Cow","গরু","Noun","https://res.cloudinary.com/ds8p3rvyx/image/upload/v1787679254/words/447e9786-379c-46ba-a7ef-00aa3422f524/1787679253239_words_447e9786-379c-46ba-a7ef-00aa3422f524.jpg.jpg","Cow.jpg","words/447e9786-379c-46ba-a7ef-00aa3422f524/1787679253239_words_447e9786-379c-46ba-a7ef-00aa3422f524.jpg",164,"447e9786-379c-46ba-a7ef-00aa3422f524"
"crow","কাক","n.","https://res.cloudinary.com/ds8p3rvyx/image/upload/v1787679254/words/fb71dbf5-f025-459d-9c07-b812fd5106fc/1787679253317_words_fb71dbf5-f025-459d-9c07-b812fd5106fc.jpeg.jpg","Crow.jpeg","words/fb71dbf5-f025-459d-9c07-b812fd5106fc/1787679253317_words_fb71dbf5-f025-459d-9c07-b812fd5106fc.jpeg",165,"fb71dbf5-f025-459d-9c07-b812fd5106fc"
"dancing","নাচ","n./v.","https://res.cloudinary.com/ds8p3rvyx/image/upload/v1787679254/words/6e24b31a-d85b-4661-afa1-8e3fab06a035/1787679253781_words_6e24b31a-d85b-4661-afa1-8e3fab06a035.jpg.jpg","Dancing.jpg","words/6e24b31a-d85b-4661-afa1-8e3fab06a035/1787679253781_words_6e24b31a-d85b-4661-afa1-8e3fab06a035.jpg",166,"6e24b31a-d85b-4661-afa1-8e3fab06a035"
"Day","দিন","Noun","https://res.cloudinary.com/ds8p3rvyx/image/upload/v1787679255/words/8c652c9e-72ff-4e7c-8090-ce5ab6f57ff5/1787679254262_words_8c652c9e-72ff-4e7c-8090-ce5ab6f57ff5.jpg.jpg","Day.jpg","words/8c652c9e-72ff-4e7c-8090-ce5ab6f57ff5/1787679254262_words_8c652c9e-72ff-4e7c-8090-ce5ab6f57ff5.jpg",168,"8c652c9e-72ff-4e7c-8090-ce5ab6f57ff5"
"deer","হরিণ","n.","https://res.cloudinary.com/ds8p3rvyx/image/upload/v1787679255/words/82eda707-6b42-49b9-8445-b1f2d7c09524/1787679254481_words_82eda707-6b42-49b9-8445-b1f2d7c09524.jpg.jpg","Deer.jpg","words/82eda707-6b42-49b9-8445-b1f2d7c09524/1787679254481_words_82eda707-6b42-49b9-8445-b1f2d7c09524.jpg",169,"82eda707-6b42-49b9-8445-b1f2d7c09524"
"Dialogue","সংলাপ","Noun","https://res.cloudinary.com/ds8p3rvyx/image/upload/v1787679255/words/820092c2-0af6-4015-a7da-314bfca7578f/1787679254770_words_820092c2-0af6-4015-a7da-314bfca7578f.png.png","Dialogue.png","words/820092c2-0af6-4015-a7da-314bfca7578f/1787679254770_words_820092c2-0af6-4015-a7da-314bfca7578f.png",170,"820092c2-0af6-4015-a7da-314bfca7578f"
"Different","ভিন্ন / আলাদা","Adjective","https://res.cloudinary.com/ds8p3rvyx/image/upload/v1787679255/words/f0c44bbc-10b2-48bd-9b25-a4cbda627746/1787679254960_words_f0c44bbc-10b2-48bd-9b25-a4cbda627746.jpg.jpg","Different.jpg","words/f0c44bbc-10b2-48bd-9b25-a4cbda627746/1787679254960_words_f0c44bbc-10b2-48bd-9b25-a4cbda627746.jpg",171,"f0c44bbc-10b2-48bd-9b25-a4cbda627746"
"dinner","রাতের খাবার","n.","https://res.cloudinary.com/ds8p3rvyx/image/upload/v1787679256/words/2f0d521c-ce28-49a0-b56c-d9d5541f6d0f/1787679255292_words_2f0d521c-ce28-49a0-b56c-d9d5541f6d0f.jpg.jpg","Dinner.jpg","words/2f0d521c-ce28-49a0-b56c-d9d5541f6d0f/1787679255292_words_2f0d521c-ce28-49a0-b56c-d9d5541f6d0f.jpg",172,"2f0d521c-ce28-49a0-b56c-d9d5541f6d0f"
"Dish","থালা","Noun","https://res.cloudinary.com/ds8p3rvyx/image/upload/v1787679256/words/332f6709-1167-44d9-8234-87939a788a01/1787679255870_words_332f6709-1167-44d9-8234-87939a788a01.png.png","Dish.png","words/332f6709-1167-44d9-8234-87939a788a01/1787679255870_words_332f6709-1167-44d9-8234-87939a788a01.png",173,"332f6709-1167-44d9-8234-87939a788a01"
"Dog","কুকুর","Noun","https://res.cloudinary.com/ds8p3rvyx/image/upload/v1787679256/words/c8bda4d8-5cff-4fd5-8615-ec488ba6d1a0/1787679255979_words_c8bda4d8-5cff-4fd5-8615-ec488ba6d1a0.jpg.jpg","Dog.jpg","words/c8bda4d8-5cff-4fd5-8615-ec488ba6d1a0/1787679255979_words_c8bda4d8-5cff-4fd5-8615-ec488ba6d1a0.jpg",174,"c8bda4d8-5cff-4fd5-8615-ec488ba6d1a0"
"door","দরজা","n.","https://res.cloudinary.com/ds8p3rvyx/image/upload/v1787679256/words/e632cd11-c485-4e8a-b595-687264191ab9/1787679256087_words_e632cd11-c485-4e8a-b595-687264191ab9.jpg.jpg","Door.jpg","words/e632cd11-c485-4e8a-b595-687264191ab9/1787679256087_words_e632cd11-c485-4e8a-b595-687264191ab9.jpg",175,"e632cd11-c485-4e8a-b595-687264191ab9"
"Down","নিচে","Adverb/Preposition","https://res.cloudinary.com/ds8p3rvyx/image/upload/v1787679257/words/d41bafe9-9d56-4c76-9c66-94cbfcfe1058/1787679256581_words_d41bafe9-9d56-4c76-9c66-94cbfcfe1058.jpg.jpg","Down.jpg","words/d41bafe9-9d56-4c76-9c66-94cbfcfe1058/1787679256581_words_d41bafe9-9d56-4c76-9c66-94cbfcfe1058.jpg",176,"d41bafe9-9d56-4c76-9c66-94cbfcfe1058"
"Draw","আঁকা","Verb","https://res.cloudinary.com/ds8p3rvyx/image/upload/v1787679257/words/dc33ebf0-d96c-4b94-b53b-7f0dcc0e942d/1787679256921_words_dc33ebf0-d96c-4b94-b53b-7f0dcc0e942d.jpg.jpg","Draw.jpg","words/dc33ebf0-d96c-4b94-b53b-7f0dcc0e942d/1787679256921_words_dc33ebf0-d96c-4b94-b53b-7f0dcc0e942d.jpg",178,"dc33ebf0-d96c-4b94-b53b-7f0dcc0e942d"
"Drink","পান করা","Verb/Noun","https://res.cloudinary.com/ds8p3rvyx/image/upload/v1787679258/words/80f83d4d-8706-4fa2-ba94-807750735b75/1787679257196_words_80f83d4d-8706-4fa2-ba94-807750735b75.png.png","Drink.png","words/80f83d4d-8706-4fa2-ba94-807750735b75/1787679257196_words_80f83d4d-8706-4fa2-ba94-807750735b75.png",179,"80f83d4d-8706-4fa2-ba94-807750735b75"
"Drive","গাড়ি চালানো","Verb","https://res.cloudinary.com/ds8p3rvyx/image/upload/v1787679258/words/6a08e919-1d71-4c78-a0ab-72090578b0e7/1787679257271_words_6a08e919-1d71-4c78-a0ab-72090578b0e7.jpg.jpg","Drive.jpg","words/6a08e919-1d71-4c78-a0ab-72090578b0e7/1787679257271_words_6a08e919-1d71-4c78-a0ab-72090578b0e7.jpg",177,"6a08e919-1d71-4c78-a0ab-72090578b0e7"
"Duck","হাঁস","Noun","https://res.cloudinary.com/ds8p3rvyx/image/upload/v1787679258/words/5d8fbbc7-2b61-4ff2-a378-7e6c584e74b6/1787679257584_words_5d8fbbc7-2b61-4ff2-a378-7e6c584e74b6.jpg.jpg","Duck.jpg","words/5d8fbbc7-2b61-4ff2-a378-7e6c584e74b6/1787679257584_words_5d8fbbc7-2b61-4ff2-a378-7e6c584e74b6.jpg",180,"5d8fbbc7-2b61-4ff2-a378-7e6c584e74b6"
"Each","প্রত্যেক","Determiner/Pronoun","https://res.cloudinary.com/ds8p3rvyx/image/upload/v1787679259/words/168870ce-b98d-4f82-97b6-c7e5198cd63b/1787679258422_words_168870ce-b98d-4f82-97b6-c7e5198cd63b.png.png","Each.png","words/168870ce-b98d-4f82-97b6-c7e5198cd63b/1787679258422_words_168870ce-b98d-4f82-97b6-c7e5198cd63b.png",182,"168870ce-b98d-4f82-97b6-c7e5198cd63b"
"ear","কান","n.","https://res.cloudinary.com/ds8p3rvyx/image/upload/v1787679259/words/371e93c6-2a73-4d4f-af4f-ec03dd4b8899/1787679258584_words_371e93c6-2a73-4d4f-af4f-ec03dd4b8899.png.png","Ear.png","words/371e93c6-2a73-4d4f-af4f-ec03dd4b8899/1787679258584_words_371e93c6-2a73-4d4f-af4f-ec03dd4b8899.png",183,"371e93c6-2a73-4d4f-af4f-ec03dd4b8899"
"Eat","খাওয়া","Verb","https://res.cloudinary.com/ds8p3rvyx/image/upload/v1787679259/words/ae3998bd-16db-4a77-b433-35c2385be30a/1787679258705_words_ae3998bd-16db-4a77-b433-35c2385be30a.png.png","Eat.png","words/ae3998bd-16db-4a77-b433-35c2385be30a/1787679258705_words_ae3998bd-16db-4a77-b433-35c2385be30a.png",181,"ae3998bd-16db-4a77-b433-35c2385be30a"
"Egg","ডিম","Noun","https://res.cloudinary.com/ds8p3rvyx/image/upload/v1787679259/words/5c1d6a5c-0207-42e5-9efd-494aa69ce3d2/1787679258811_words_5c1d6a5c-0207-42e5-9efd-494aa69ce3d2.jpg.jpg","Egg.jpg","words/5c1d6a5c-0207-42e5-9efd-494aa69ce3d2/1787679258811_words_5c1d6a5c-0207-42e5-9efd-494aa69ce3d2.jpg",184,"5c1d6a5c-0207-42e5-9efd-494aa69ce3d2"
"End","শেষ","Noun/Verb","https://res.cloudinary.com/ds8p3rvyx/image/upload/v1787678763/words/f6a65b98-ef5a-4d80-a9ff-84aa6902c29f/1787678761254_words_f6a65b98-ef5a-4d80-a9ff-84aa6902c29f.jpg.jpg","End.jpg","words/f6a65b98-ef5a-4d80-a9ff-84aa6902c29f/1787678761254_words_f6a65b98-ef5a-4d80-a9ff-84aa6902c29f.jpg",37,"f6a65b98-ef5a-4d80-a9ff-84aa6902c29f"
"evening","সন্ধ্যা","n.","https://res.cloudinary.com/ds8p3rvyx/image/upload/v1787678763/words/281c6130-94da-4e39-bff1-e99e83a0f1df/1787678761438_words_281c6130-94da-4e39-bff1-e99e83a0f1df.jpg.jpg","Evening.jpg","words/281c6130-94da-4e39-bff1-e99e83a0f1df/1787678761438_words_281c6130-94da-4e39-bff1-e99e83a0f1df.jpg",36,"281c6130-94da-4e39-bff1-e99e83a0f1df"
"Everyday","প্রতিদিন","Adverb/Adjective","https://res.cloudinary.com/ds8p3rvyx/image/upload/v1787678764/words/68749cf4-279d-47dc-bffe-3ab5233340d2/1787678761442_words_68749cf4-279d-47dc-bffe-3ab5233340d2.jpg.jpg","Everyday.jpg","words/68749cf4-279d-47dc-bffe-3ab5233340d2/1787678761442_words_68749cf4-279d-47dc-bffe-3ab5233340d2.jpg",39,"68749cf4-279d-47dc-bffe-3ab5233340d2"
"Exercise","ব্যায়াম / অনুশীলন","Noun/Verb","https://res.cloudinary.com/ds8p3rvyx/image/upload/v1787679260/words/ef3a6901-7077-46be-9201-f8986fc40600/1787679259964_words_ef3a6901-7077-46be-9201-f8986fc40600.jpg.jpg","Exercise.jpg","words/ef3a6901-7077-46be-9201-f8986fc40600/1787679259964_words_ef3a6901-7077-46be-9201-f8986fc40600.jpg",185,"ef3a6901-7077-46be-9201-f8986fc40600"
"FALSE","মিথ্যা / ভুল","Adjective","https://res.cloudinary.com/ds8p3rvyx/image/upload/v1787679260/words/90e21294-8b64-4cf9-9628-bb9bd2b22be9/1787679260022_words_90e21294-8b64-4cf9-9628-bb9bd2b22be9.jpg.jpg","False.jpg","words/90e21294-8b64-4cf9-9628-bb9bd2b22be9/1787679260022_words_90e21294-8b64-4cf9-9628-bb9bd2b22be9.jpg",186,"90e21294-8b64-4cf9-9628-bb9bd2b22be9"
"Family","পরিবার","Noun","https://res.cloudinary.com/ds8p3rvyx/image/upload/v1787679261/words/6f216210-d063-419f-8c62-eb9de42a91be/1787679260144_words_6f216210-d063-419f-8c62-eb9de42a91be.jpg.jpg","Family.jpg","words/6f216210-d063-419f-8c62-eb9de42a91be/1787679260144_words_6f216210-d063-419f-8c62-eb9de42a91be.jpg",187,"6f216210-d063-419f-8c62-eb9de42a91be"
"far away","দূরে","adv./adj.","https://res.cloudinary.com/ds8p3rvyx/image/upload/v1787679261/words/00d3ec8e-b9d2-43a8-97c3-580379bdb132/1787679260207_words_00d3ec8e-b9d2-43a8-97c3-580379bdb132.png.png","Far away.png","words/00d3ec8e-b9d2-43a8-97c3-580379bdb132/1787679260207_words_00d3ec8e-b9d2-43a8-97c3-580379bdb132.png",188,"00d3ec8e-b9d2-43a8-97c3-580379bdb132"
"farewell","বিদায়","n.","https://res.cloudinary.com/ds8p3rvyx/image/upload/v1787679262/words/3829dede-3474-4faa-80eb-1f664bc85be3/1787679261186_words_3829dede-3474-4faa-80eb-1f664bc85be3.png.png","Farewell.png","words/3829dede-3474-4faa-80eb-1f664bc85be3/1787679261186_words_3829dede-3474-4faa-80eb-1f664bc85be3.png",189,"3829dede-3474-4faa-80eb-1f664bc85be3"
"Farmer","কৃষক","Noun","https://res.cloudinary.com/ds8p3rvyx/image/upload/v1787678763/words/b2181e49-4895-4fe8-bfa2-9a660ddf9c8b/1787678761445_words_b2181e49-4895-4fe8-bfa2-9a660ddf9c8b.jpg.jpg","farmer.jpg","words/b2181e49-4895-4fe8-bfa2-9a660ddf9c8b/1787678761445_words_b2181e49-4895-4fe8-bfa2-9a660ddf9c8b.jpg",38,"b2181e49-4895-4fe8-bfa2-9a660ddf9c8b"
"Father","বাবা / পিতা","Noun","https://res.cloudinary.com/ds8p3rvyx/image/upload/v1787678764/words/8e666d1f-4678-4394-8dee-3b8c0aa7a722/1787678763880_words_8e666d1f-4678-4394-8dee-3b8c0aa7a722.jpg.jpg","Father.jpg","words/8e666d1f-4678-4394-8dee-3b8c0aa7a722/1787678763880_words_8e666d1f-4678-4394-8dee-3b8c0aa7a722.jpg",41,"8e666d1f-4678-4394-8dee-3b8c0aa7a722"
"Favourite","প্রিয়","Adjective/Noun","https://res.cloudinary.com/ds8p3rvyx/image/upload/v1787679262/words/287811d0-237b-42fb-ae60-4efbe0f77e47/1787679261356_words_287811d0-237b-42fb-ae60-4efbe0f77e47.png.png","Favourite.png","words/287811d0-237b-42fb-ae60-4efbe0f77e47/1787679261356_words_287811d0-237b-42fb-ae60-4efbe0f77e47.png",190,"287811d0-237b-42fb-ae60-4efbe0f77e47"
"February","ফেব্রুয়ারি","Noun","https://res.cloudinary.com/ds8p3rvyx/image/upload/v1787678764/words/bdc0f433-9041-4b0b-beec-10e7bd7d8661/1787678763956_words_bdc0f433-9041-4b0b-beec-10e7bd7d8661.jpg.jpg","february.jpg","words/bdc0f433-9041-4b0b-beec-10e7bd7d8661/1787678763956_words_bdc0f433-9041-4b0b-beec-10e7bd7d8661.jpg",40,"bdc0f433-9041-4b0b-beec-10e7bd7d8661"
"Fig","ডুমুর","noun","https://res.cloudinary.com/ds8p3rvyx/image/upload/v1787678765/words/03ec83e8-7e98-411c-8b84-8d79083da3fb/1787678764125_words_03ec83e8-7e98-411c-8b84-8d79083da3fb.jpg.jpg","fig.jpg","words/03ec83e8-7e98-411c-8b84-8d79083da3fb/1787678764125_words_03ec83e8-7e98-411c-8b84-8d79083da3fb.jpg",42,"03ec83e8-7e98-411c-8b84-8d79083da3fb"
"Fin","মাছের পাখনা","Noun","https://res.cloudinary.com/ds8p3rvyx/image/upload/v1787678765/words/4573f28a-156d-4587-8fad-341ebade1f4d/1787678765064_words_4573f28a-156d-4587-8fad-341ebade1f4d.jpg.jpg","fin.jpg","words/4573f28a-156d-4587-8fad-341ebade1f4d/1787678765064_words_4573f28a-156d-4587-8fad-341ebade1f4d.jpg",43,"4573f28a-156d-4587-8fad-341ebade1f4d"
"Find","খুঁজে পাওয়া","Verb","https://res.cloudinary.com/ds8p3rvyx/image/upload/v1787678766/words/dec4ff9b-47ee-4c29-81f6-bb3711fc1e8d/1787678765254_words_dec4ff9b-47ee-4c29-81f6-bb3711fc1e8d.jpg.jpg","find.jpg","words/dec4ff9b-47ee-4c29-81f6-bb3711fc1e8d/1787678765254_words_dec4ff9b-47ee-4c29-81f6-bb3711fc1e8d.jpg",44,"dec4ff9b-47ee-4c29-81f6-bb3711fc1e8d"
"Fine","ভালো / সুস্থ","Adjective","https://res.cloudinary.com/ds8p3rvyx/image/upload/v1787678766/words/0cbc62de-7d1f-45c6-9bef-ab94c220d693/1787678765406_words_0cbc62de-7d1f-45c6-9bef-ab94c220d693.jpg.jpg","fine.jpg","words/0cbc62de-7d1f-45c6-9bef-ab94c220d693/1787678765406_words_0cbc62de-7d1f-45c6-9bef-ab94c220d693.jpg",45,"0cbc62de-7d1f-45c6-9bef-ab94c220d693"
"Fish","মাছ","Noun/Verb","https://res.cloudinary.com/ds8p3rvyx/image/upload/v1787678766/words/a6796b4e-aabf-4787-9b0c-87990bd09045/1787678765687_words_a6796b4e-aabf-4787-9b0c-87990bd09045.jpg.jpg","fish.jpg","words/a6796b4e-aabf-4787-9b0c-87990bd09045/1787678765687_words_a6796b4e-aabf-4787-9b0c-87990bd09045.jpg",46,"a6796b4e-aabf-4787-9b0c-87990bd09045"
"Flag","পতাকা","Noun","https://res.cloudinary.com/ds8p3rvyx/image/upload/v1787679262/words/fc70ccf6-3233-422f-ba6a-109176565355/1787679261483_words_fc70ccf6-3233-422f-ba6a-109176565355.png.png","Flag.png","words/fc70ccf6-3233-422f-ba6a-109176565355/1787679261483_words_fc70ccf6-3233-422f-ba6a-109176565355.png",191,"fc70ccf6-3233-422f-ba6a-109176565355"
"Fly","উড়া","Verb/Noun","https://res.cloudinary.com/ds8p3rvyx/image/upload/v1787678767/words/0b3273b1-90e3-41cc-a926-35bebf606cfc/1787678766125_words_0b3273b1-90e3-41cc-a926-35bebf606cfc.jpg.jpg","fly.jpg","words/0b3273b1-90e3-41cc-a926-35bebf606cfc/1787678766125_words_0b3273b1-90e3-41cc-a926-35bebf606cfc.jpg",47,"0b3273b1-90e3-41cc-a926-35bebf606cfc"
"Food","খাবার","Noun","https://res.cloudinary.com/ds8p3rvyx/image/upload/v1787678767/words/46b85e6c-b249-40c6-93ae-0a05083216e9/1787678766342_words_46b85e6c-b249-40c6-93ae-0a05083216e9.jpg.jpg","food.jpg","words/46b85e6c-b249-40c6-93ae-0a05083216e9/1787678766342_words_46b85e6c-b249-40c6-93ae-0a05083216e9.jpg",48,"46b85e6c-b249-40c6-93ae-0a05083216e9"
"football","ফুটবল","n.","https://res.cloudinary.com/ds8p3rvyx/image/upload/v1787678767/words/b1f242e3-3f9a-4b8e-b77f-88efbd52f2b1/1787678766629_words_b1f242e3-3f9a-4b8e-b77f-88efbd52f2b1.jpg.jpg","football.jpg","words/b1f242e3-3f9a-4b8e-b77f-88efbd52f2b1/1787678766629_words_b1f242e3-3f9a-4b8e-b77f-88efbd52f2b1.jpg",49,"b1f242e3-3f9a-4b8e-b77f-88efbd52f2b1"
"footpath","ফুটপাত","Noun","https://res.cloudinary.com/ds8p3rvyx/image/upload/v1787679262/words/b8621c58-5b32-4f0f-bf78-50259b4ddf4a/1787679261566_words_b8621c58-5b32-4f0f-bf78-50259b4ddf4a.jpg.jpg","Footpath.jpg","words/b8621c58-5b32-4f0f-bf78-50259b4ddf4a/1787679261566_words_b8621c58-5b32-4f0f-bf78-50259b4ddf4a.jpg",192,"b8621c58-5b32-4f0f-bf78-50259b4ddf4a"
"Fox","শেয়াল","Noun","https://res.cloudinary.com/ds8p3rvyx/image/upload/v1787678767/words/94fbd548-0bd5-4a09-b269-0c213f134c3b/1787678766885_words_94fbd548-0bd5-4a09-b269-0c213f134c3b.jpg.jpg","fox.jpg","words/94fbd548-0bd5-4a09-b269-0c213f134c3b/1787678766885_words_94fbd548-0bd5-4a09-b269-0c213f134c3b.jpg",50,"94fbd548-0bd5-4a09-b269-0c213f134c3b"
"Friday","শুক্রবার","n","https://res.cloudinary.com/ds8p3rvyx/image/upload/v1787679263/words/4f1732f3-a1de-463b-9ce3-c37aebe4b21b/1787679262344_words_4f1732f3-a1de-463b-9ce3-c37aebe4b21b.jpg.jpg","Friday.jpg","words/4f1732f3-a1de-463b-9ce3-c37aebe4b21b/1787679262344_words_4f1732f3-a1de-463b-9ce3-c37aebe4b21b.jpg",193,"4f1732f3-a1de-463b-9ce3-c37aebe4b21b"
"Friend","বন্ধু","Noun","https://res.cloudinary.com/ds8p3rvyx/image/upload/v1787679263/words/4403bbec-403c-476c-a158-1e44ce87a4e0/1787679262513_words_4403bbec-403c-476c-a158-1e44ce87a4e0.jpg.jpg","Friend.jpg","words/4403bbec-403c-476c-a158-1e44ce87a4e0/1787679262513_words_4403bbec-403c-476c-a158-1e44ce87a4e0.jpg",194,"4403bbec-403c-476c-a158-1e44ce87a4e0"
"frog","ব্যাঙ","n.","https://res.cloudinary.com/ds8p3rvyx/image/upload/v1787678768/words/d7781f43-856b-4c3c-85fc-8e6b39d4f37e/1787678767539_words_d7781f43-856b-4c3c-85fc-8e6b39d4f37e.jpg.jpg","frog.jpg","words/d7781f43-856b-4c3c-85fc-8e6b39d4f37e/1787678767539_words_d7781f43-856b-4c3c-85fc-8e6b39d4f37e.jpg",51,"d7781f43-856b-4c3c-85fc-8e6b39d4f37e"
"Fruit","ফল","Noun","https://res.cloudinary.com/ds8p3rvyx/image/upload/v1787678768/words/39f615d2-5675-4bbe-b003-b89931b8558c/1787678767697_words_39f615d2-5675-4bbe-b003-b89931b8558c.jpg.jpg","fruit.jpg","words/39f615d2-5675-4bbe-b003-b89931b8558c/1787678767697_words_39f615d2-5675-4bbe-b003-b89931b8558c.jpg",52,"39f615d2-5675-4bbe-b003-b89931b8558c"
"Fun","মজা; আমোদ","Noun","https://res.cloudinary.com/ds8p3rvyx/image/upload/v1787678768/words/691e6c9b-085e-4b9a-804d-a03c40afe335/1787678767803_words_691e6c9b-085e-4b9a-804d-a03c40afe335.jpg.jpg","fun.jpg","words/691e6c9b-085e-4b9a-804d-a03c40afe335/1787678767803_words_691e6c9b-085e-4b9a-804d-a03c40afe335.jpg",53,"691e6c9b-085e-4b9a-804d-a03c40afe335"
"garlic","রসুন","n.","https://res.cloudinary.com/ds8p3rvyx/image/upload/v1787678769/words/46e07270-59b4-4ee4-beea-8150b0812260/1787678768102_words_46e07270-59b4-4ee4-beea-8150b0812260.jpg.jpg","garlic.jpg","words/46e07270-59b4-4ee4-beea-8150b0812260/1787678768102_words_46e07270-59b4-4ee4-beea-8150b0812260.jpg",54,"46e07270-59b4-4ee4-beea-8150b0812260"
"Gas","গ্যাস; বায়বীয় পদার্থ","Noun","https://res.cloudinary.com/ds8p3rvyx/image/upload/v1787678769/words/123bcc1f-b313-42d5-84a0-65526555868f/1787678768612_words_123bcc1f-b313-42d5-84a0-65526555868f.jpg.jpg","gas.jpg","words/123bcc1f-b313-42d5-84a0-65526555868f/1787678768612_words_123bcc1f-b313-42d5-84a0-65526555868f.jpg",55,"123bcc1f-b313-42d5-84a0-65526555868f"
"get up","ঘুম থেকে ওঠা","v. phrase","https://res.cloudinary.com/ds8p3rvyx/image/upload/v1787679263/words/8693d0e2-7cf1-4767-a003-a677ed0e4f1e/1787679262628_words_8693d0e2-7cf1-4767-a003-a677ed0e4f1e.jpg.jpg","Get Up.jpg","words/8693d0e2-7cf1-4767-a003-a677ed0e4f1e/1787679262628_words_8693d0e2-7cf1-4767-a003-a677ed0e4f1e.jpg",195,"8693d0e2-7cf1-4767-a003-a677ed0e4f1e"
"Girl","মেয়ে","Noun","https://res.cloudinary.com/ds8p3rvyx/image/upload/v1787678769/words/b78cadc3-ce09-4dce-b934-6bebd0e4f31d/1787678768800_words_b78cadc3-ce09-4dce-b934-6bebd0e4f31d.jpg.jpg","girl.jpg","words/b78cadc3-ce09-4dce-b934-6bebd0e4f31d/1787678768800_words_b78cadc3-ce09-4dce-b934-6bebd0e4f31d.jpg",56,"b78cadc3-ce09-4dce-b934-6bebd0e4f31d"
"Give","দেওয়া","Verb","https://res.cloudinary.com/ds8p3rvyx/image/upload/v1787679263/words/611ff847-d218-4bbe-9b52-2410eb1e663f/1787679262799_words_611ff847-d218-4bbe-9b52-2410eb1e663f.jpg.jpg","Give.JPG","words/611ff847-d218-4bbe-9b52-2410eb1e663f/1787679262799_words_611ff847-d218-4bbe-9b52-2410eb1e663f.jpg",196,"611ff847-d218-4bbe-9b52-2410eb1e663f"
"Go","যাওয়া","Verb","https://res.cloudinary.com/ds8p3rvyx/image/upload/v1787678769/words/3bf02ea5-a0ba-4186-b4b7-8491851c630f/1787678769038_words_3bf02ea5-a0ba-4186-b4b7-8491851c630f.jpg.jpg","go.jpg","words/3bf02ea5-a0ba-4186-b4b7-8491851c630f/1787678769038_words_3bf02ea5-a0ba-4186-b4b7-8491851c630f.jpg",57,"3bf02ea5-a0ba-4186-b4b7-8491851c630f"
"Goat","ছাগল","Noun","https://res.cloudinary.com/ds8p3rvyx/image/upload/v1787678770/words/c41739d2-ffaf-4604-bb4b-a27a4576526a/1787678769208_words_c41739d2-ffaf-4604-bb4b-a27a4576526a.jpg.jpg","goat.jpg","words/c41739d2-ffaf-4604-bb4b-a27a4576526a/1787678769208_words_c41739d2-ffaf-4604-bb4b-a27a4576526a.jpg",58,"c41739d2-ffaf-4604-bb4b-a27a4576526a"
"good","ভাল","adj.","https://res.cloudinary.com/ds8p3rvyx/image/upload/v1787678770/words/8875ac50-4f2d-41e1-8e14-8cfb825af972/1787678769547_words_8875ac50-4f2d-41e1-8e14-8cfb825af972.jpg.jpg","good.jpg","words/8875ac50-4f2d-41e1-8e14-8cfb825af972/1787678769547_words_8875ac50-4f2d-41e1-8e14-8cfb825af972.jpg",59,"8875ac50-4f2d-41e1-8e14-8cfb825af972"
"Grass","ঘাস","Noun","https://res.cloudinary.com/ds8p3rvyx/image/upload/v1787678770/words/68db00bb-240d-4046-a8b4-2c6e972b4707/1787678769920_words_68db00bb-240d-4046-a8b4-2c6e972b4707.jpg.jpg","grass.jpg","words/68db00bb-240d-4046-a8b4-2c6e972b4707/1787678769920_words_68db00bb-240d-4046-a8b4-2c6e972b4707.jpg",60,"68db00bb-240d-4046-a8b4-2c6e972b4707"
"great","দারুণ/বড়","adj.","https://res.cloudinary.com/ds8p3rvyx/image/upload/v1787678771/words/4dbf7c70-77b6-48e5-8ac6-35689d815325/1787678770156_words_4dbf7c70-77b6-48e5-8ac6-35689d815325.jpg.jpg","great.jpg","words/4dbf7c70-77b6-48e5-8ac6-35689d815325/1787678770156_words_4dbf7c70-77b6-48e5-8ac6-35689d815325.jpg",61,"4dbf7c70-77b6-48e5-8ac6-35689d815325"
"greeting","অভিবাদন","n.","https://res.cloudinary.com/ds8p3rvyx/image/upload/v1787678771/words/ff1fd414-70e2-4abb-a053-da45ce7e811e/1787678770420_words_ff1fd414-70e2-4abb-a053-da45ce7e811e.jpg.jpg","greeting.jpg","words/ff1fd414-70e2-4abb-a053-da45ce7e811e/1787678770420_words_ff1fd414-70e2-4abb-a053-da45ce7e811e.jpg",62,"ff1fd414-70e2-4abb-a053-da45ce7e811e"
"Group","দল","Noun","https://res.cloudinary.com/ds8p3rvyx/image/upload/v1787679264/words/3f20df66-a3ab-4b8b-8f21-a4a2d4965337/1787679263662_words_3f20df66-a3ab-4b8b-8f21-a4a2d4965337.png.png","Group.png","words/3f20df66-a3ab-4b8b-8f21-a4a2d4965337/1787679263662_words_3f20df66-a3ab-4b8b-8f21-a4a2d4965337.png",197,"3f20df66-a3ab-4b8b-8f21-a4a2d4965337"
"Grow","বড় হওয়া","Verb","https://res.cloudinary.com/ds8p3rvyx/image/upload/v1787678771/words/993ba4b3-6134-4cdb-8ab7-8c26f3a3ef20/1787678770610_words_993ba4b3-6134-4cdb-8ab7-8c26f3a3ef20.jpg.jpg","grow.jpg","words/993ba4b3-6134-4cdb-8ab7-8c26f3a3ef20/1787678770610_words_993ba4b3-6134-4cdb-8ab7-8c26f3a3ef20.jpg",63,"993ba4b3-6134-4cdb-8ab7-8c26f3a3ef20"
"guava","পেয়ারা","n.","https://res.cloudinary.com/ds8p3rvyx/image/upload/v1787679264/words/9f93a7d5-3c02-40f7-8ab3-e56a5bff8134/1787679263717_words_9f93a7d5-3c02-40f7-8ab3-e56a5bff8134.jpg.jpg","Guava.jpg","words/9f93a7d5-3c02-40f7-8ab3-e56a5bff8134/1787679263717_words_9f93a7d5-3c02-40f7-8ab3-e56a5bff8134.jpg",198,"9f93a7d5-3c02-40f7-8ab3-e56a5bff8134"
"Hand","হাত","Noun","https://res.cloudinary.com/ds8p3rvyx/image/upload/v1787678771/words/90790299-16f9-4553-8efb-c549ffeb7f1e/1787678771034_words_90790299-16f9-4553-8efb-c549ffeb7f1e.jpg.jpg","Hand.jpg","words/90790299-16f9-4553-8efb-c549ffeb7f1e/1787678771034_words_90790299-16f9-4553-8efb-c549ffeb7f1e.jpg",64,"90790299-16f9-4553-8efb-c549ffeb7f1e"
"Happy","খুশি","Adjective","https://res.cloudinary.com/ds8p3rvyx/image/upload/v1787678772/words/c6d73835-4666-4209-a243-50a15371d825/1787678771401_words_c6d73835-4666-4209-a243-50a15371d825.jpg.jpg","Happy.jpg","words/c6d73835-4666-4209-a243-50a15371d825/1787678771401_words_c6d73835-4666-4209-a243-50a15371d825.jpg",65,"c6d73835-4666-4209-a243-50a15371d825"
"Head","মাথা","Noun","https://res.cloudinary.com/ds8p3rvyx/image/upload/v1787679264/words/2385fdce-69de-4a2b-896c-6f53f876391e/1787679263882_words_2385fdce-69de-4a2b-896c-6f53f876391e.jpg.jpg","Head.jpg","words/2385fdce-69de-4a2b-896c-6f53f876391e/1787679263882_words_2385fdce-69de-4a2b-896c-6f53f876391e.jpg",199,"2385fdce-69de-4a2b-896c-6f53f876391e"
"Help","সাহায্য করা","Verb/Noun","https://res.cloudinary.com/ds8p3rvyx/image/upload/v1787679264/words/7ae30079-22f3-425b-bac7-fc86ccef83fc/1787679263990_words_7ae30079-22f3-425b-bac7-fc86ccef83fc.jpg.webp","Help.jpg","words/7ae30079-22f3-425b-bac7-fc86ccef83fc/1787679263990_words_7ae30079-22f3-425b-bac7-fc86ccef83fc.jpg",200,"7ae30079-22f3-425b-bac7-fc86ccef83fc"
"Hen","মুরগি","Noun","https://res.cloudinary.com/ds8p3rvyx/image/upload/v1787679265/words/0a8c7570-908b-4a28-9340-7a451a407920/1787679264704_words_0a8c7570-908b-4a28-9340-7a451a407920.jpg.jpg","Hen.jpg","words/0a8c7570-908b-4a28-9340-7a451a407920/1787679264704_words_0a8c7570-908b-4a28-9340-7a451a407920.jpg",201,"0a8c7570-908b-4a28-9340-7a451a407920"
"Home","বাড়ি","Noun","https://res.cloudinary.com/ds8p3rvyx/image/upload/v1787679265/words/f3aba3af-c634-4558-99ea-34328ebc4759/1787679264811_words_f3aba3af-c634-4558-99ea-34328ebc4759.jpg.jpg","Home.jpg","words/f3aba3af-c634-4558-99ea-34328ebc4759/1787679264811_words_f3aba3af-c634-4558-99ea-34328ebc4759.jpg",202,"f3aba3af-c634-4558-99ea-34328ebc4759"
"Homework","বাড়ির কাজ","Noun","https://res.cloudinary.com/ds8p3rvyx/image/upload/v1787679265/words/21e4da24-99c3-4ad9-afa7-0e0662a4812b/1787679265088_words_21e4da24-99c3-4ad9-afa7-0e0662a4812b.jpg.jpg","Homework.jpg","words/21e4da24-99c3-4ad9-afa7-0e0662a4812b/1787679265088_words_21e4da24-99c3-4ad9-afa7-0e0662a4812b.jpg",204,"21e4da24-99c3-4ad9-afa7-0e0662a4812b"
"honey","মধু","n.","https://res.cloudinary.com/ds8p3rvyx/image/upload/v1787679266/words/d5fe5806-f927-4ecc-9019-e6781863fdd6/1787679265142_words_d5fe5806-f927-4ecc-9019-e6781863fdd6.jpg.jpg","Honey.jpg","words/d5fe5806-f927-4ecc-9019-e6781863fdd6/1787679265142_words_d5fe5806-f927-4ecc-9019-e6781863fdd6.jpg",203,"d5fe5806-f927-4ecc-9019-e6781863fdd6"
"Horse","ঘোড়া","Noun","https://res.cloudinary.com/ds8p3rvyx/image/upload/v1787678772/words/8bf40bf2-804b-443b-a869-d1a21f477f3e/1787678771560_words_8bf40bf2-804b-443b-a869-d1a21f477f3e.jpg.jpg","Horse.jpg","words/8bf40bf2-804b-443b-a869-d1a21f477f3e/1787678771560_words_8bf40bf2-804b-443b-a869-d1a21f477f3e.jpg",66,"8bf40bf2-804b-443b-a869-d1a21f477f3e"
"Hot","গরম","Adjective","https://res.cloudinary.com/ds8p3rvyx/image/upload/v1787678772/words/5fba96df-0601-4aeb-8fdc-3b4ec0a6bacc/1787678771825_words_5fba96df-0601-4aeb-8fdc-3b4ec0a6bacc.jpeg.jpg","Hot.jpeg","words/5fba96df-0601-4aeb-8fdc-3b4ec0a6bacc/1787678771825_words_5fba96df-0601-4aeb-8fdc-3b4ec0a6bacc.jpeg",67,"5fba96df-0601-4aeb-8fdc-3b4ec0a6bacc"
"House","বাড়ি","Noun","https://res.cloudinary.com/ds8p3rvyx/image/upload/v1787679266/words/213b3aef-e921-473a-a1a5-1528f02b46c6/1787679265852_words_213b3aef-e921-473a-a1a5-1528f02b46c6.jfif.jpg","House.jfif","words/213b3aef-e921-473a-a1a5-1528f02b46c6/1787679265852_words_213b3aef-e921-473a-a1a5-1528f02b46c6.jfif",205,"213b3aef-e921-473a-a1a5-1528f02b46c6"
"island","দ্বীপ","n.","https://res.cloudinary.com/ds8p3rvyx/image/upload/v1787678773/words/06790b64-e7c9-49a0-8bdb-d9b48492706b/1787678772277_words_06790b64-e7c9-49a0-8bdb-d9b48492706b.jpg.jpg","Island.jpg","words/06790b64-e7c9-49a0-8bdb-d9b48492706b/1787678772277_words_06790b64-e7c9-49a0-8bdb-d9b48492706b.jpg",68,"06790b64-e7c9-49a0-8bdb-d9b48492706b"
"Jar","জার","Noun","https://res.cloudinary.com/ds8p3rvyx/image/upload/v1787679266/words/76ff45c3-7eb5-433c-9eac-fd0fd2c0e4b0/1787679265913_words_76ff45c3-7eb5-433c-9eac-fd0fd2c0e4b0.jpg.jpg","Jar.jpg","words/76ff45c3-7eb5-433c-9eac-fd0fd2c0e4b0/1787679265913_words_76ff45c3-7eb5-433c-9eac-fd0fd2c0e4b0.jpg",207,"76ff45c3-7eb5-433c-9eac-fd0fd2c0e4b0"
"jute","পাট","n.","https://res.cloudinary.com/ds8p3rvyx/image/upload/v1787679267/words/8a5a33bf-9a39-45b0-9a74-1b6b383aca6f/1787679266165_words_8a5a33bf-9a39-45b0-9a74-1b6b383aca6f.jpg.jpg","Jute.JPG","words/8a5a33bf-9a39-45b0-9a74-1b6b383aca6f/1787679266165_words_8a5a33bf-9a39-45b0-9a74-1b6b383aca6f.jpg",206,"8a5a33bf-9a39-45b0-9a74-1b6b383aca6f"
"Kite","ঘুড়ি","Noun","https://res.cloudinary.com/ds8p3rvyx/image/upload/v1787679267/words/3206089b-a1c2-4f1d-ba15-82e21a40e978/1787679266329_words_3206089b-a1c2-4f1d-ba15-82e21a40e978.jpg.jpg","Kite.jpg","words/3206089b-a1c2-4f1d-ba15-82e21a40e978/1787679266329_words_3206089b-a1c2-4f1d-ba15-82e21a40e978.jpg",208,"3206089b-a1c2-4f1d-ba15-82e21a40e978"
"kitten","বিড়ালছানা","n.","https://res.cloudinary.com/ds8p3rvyx/image/upload/v1787679267/words/74bbfe65-ec06-4513-8b77-0b261ecb606a/1787679266830_words_74bbfe65-ec06-4513-8b77-0b261ecb606a.jpg.jpg","Kitten.jpg","words/74bbfe65-ec06-4513-8b77-0b261ecb606a/1787679266830_words_74bbfe65-ec06-4513-8b77-0b261ecb606a.jpg",209,"74bbfe65-ec06-4513-8b77-0b261ecb606a"
"ladder","সিঁড়ি","n.","https://res.cloudinary.com/ds8p3rvyx/image/upload/v1787678773/words/e28ccf75-6e0b-4c0e-b01a-26ae78afe2ca/1787678772760_words_e28ccf75-6e0b-4c0e-b01a-26ae78afe2ca.jpg.jpg","Ladder.jpg","words/e28ccf75-6e0b-4c0e-b01a-26ae78afe2ca/1787678772760_words_e28ccf75-6e0b-4c0e-b01a-26ae78afe2ca.jpg",70,"e28ccf75-6e0b-4c0e-b01a-26ae78afe2ca"
"Lamp","বাতি","Noun","https://res.cloudinary.com/ds8p3rvyx/image/upload/v1787678773/words/57e0c296-a8b0-4492-8223-20621590a4c9/1787678772892_words_57e0c296-a8b0-4492-8223-20621590a4c9.jpg.jpg","Lamp.jpg","words/57e0c296-a8b0-4492-8223-20621590a4c9/1787678772892_words_57e0c296-a8b0-4492-8223-20621590a4c9.jpg",69,"57e0c296-a8b0-4492-8223-20621590a4c9"
"leaf","পাতা","n","https://res.cloudinary.com/ds8p3rvyx/image/upload/v1787679268/words/14993980-f435-494b-bdb9-8952a02ba706/1787679267268_words_14993980-f435-494b-bdb9-8952a02ba706.jpg.jpg","Leaf.jpg","words/14993980-f435-494b-bdb9-8952a02ba706/1787679267268_words_14993980-f435-494b-bdb9-8952a02ba706.jpg",210,"14993980-f435-494b-bdb9-8952a02ba706"
"Letter","চিঠি/অক্ষর","Noun","https://res.cloudinary.com/ds8p3rvyx/image/upload/v1787679268/words/35c3d508-2a96-4403-8e51-11acd11aa059/1787679267378_words_35c3d508-2a96-4403-8e51-11acd11aa059.jpg.jpg","Letter.jpg","words/35c3d508-2a96-4403-8e51-11acd11aa059/1787679267378_words_35c3d508-2a96-4403-8e51-11acd11aa059.jpg",211,"35c3d508-2a96-4403-8e51-11acd11aa059"
"Library","লাইব্রেরি; পাঠাগার","noun","https://res.cloudinary.com/ds8p3rvyx/image/upload/v1787679268/words/186b97a2-c2b8-438f-b658-a634254cb55e/1787679267490_words_186b97a2-c2b8-438f-b658-a634254cb55e.jpg.jpg","Library.jpg","words/186b97a2-c2b8-438f-b658-a634254cb55e/1787679267490_words_186b97a2-c2b8-438f-b658-a634254cb55e.jpg",212,"186b97a2-c2b8-438f-b658-a634254cb55e"
"Line","লাইন","Noun/Verb","https://res.cloudinary.com/ds8p3rvyx/image/upload/v1787679268/words/094cdd28-8ece-4e63-a51b-7ff30161170e/1787679267794_words_094cdd28-8ece-4e63-a51b-7ff30161170e.png.png","Line.png","words/094cdd28-8ece-4e63-a51b-7ff30161170e/1787679267794_words_094cdd28-8ece-4e63-a51b-7ff30161170e.png",213,"094cdd28-8ece-4e63-a51b-7ff30161170e"
"Lion","সিংহ","Noun","https://res.cloudinary.com/ds8p3rvyx/image/upload/v1787678774/words/40a0e052-2436-4e91-bcc6-cfda831637e0/1787678773031_words_40a0e052-2436-4e91-bcc6-cfda831637e0.jpg.jpg","Lion.jpg","words/40a0e052-2436-4e91-bcc6-cfda831637e0/1787678773031_words_40a0e052-2436-4e91-bcc6-cfda831637e0.jpg",71,"40a0e052-2436-4e91-bcc6-cfda831637e0"
"Man","মানুষ/পুরুষ","Noun","https://res.cloudinary.com/ds8p3rvyx/image/upload/v1787679269/words/9bd69391-f25d-450b-82bf-11f51ba85ce6/1787679268509_words_9bd69391-f25d-450b-82bf-11f51ba85ce6.jpg.jpg","Man.jpg","words/9bd69391-f25d-450b-82bf-11f51ba85ce6/1787679268509_words_9bd69391-f25d-450b-82bf-11f51ba85ce6.jpg",215,"9bd69391-f25d-450b-82bf-11f51ba85ce6"
"mango","আম","n.","https://res.cloudinary.com/ds8p3rvyx/image/upload/v1787679269/words/00385889-183a-461d-b23a-79d11f21d826/1787679268560_words_00385889-183a-461d-b23a-79d11f21d826.jpg.jpg","Mango.jpg","words/00385889-183a-461d-b23a-79d11f21d826/1787679268560_words_00385889-183a-461d-b23a-79d11f21d826.jpg",214,"00385889-183a-461d-b23a-79d11f21d826"
"Milk","দুধ","Noun","https://res.cloudinary.com/ds8p3rvyx/image/upload/v1787678774/words/3e58348a-5b99-4e27-802c-b2517dcec7e2/1787678773439_words_3e58348a-5b99-4e27-802c-b2517dcec7e2.jpg.jpg","Milk.jpg","words/3e58348a-5b99-4e27-802c-b2517dcec7e2/1787678773439_words_3e58348a-5b99-4e27-802c-b2517dcec7e2.jpg",72,"3e58348a-5b99-4e27-802c-b2517dcec7e2"
"Missing","হারানো/অনুপস্থিত","Adjective","https://res.cloudinary.com/ds8p3rvyx/image/upload/v1787679269/words/ebc07675-9acf-424a-bf2d-cd318850785d/1787679268781_words_ebc07675-9acf-424a-bf2d-cd318850785d.jpg.jpg","Missing.jpg","words/ebc07675-9acf-424a-bf2d-cd318850785d/1787679268781_words_ebc07675-9acf-424a-bf2d-cd318850785d.jpg",216,"ebc07675-9acf-424a-bf2d-cd318850785d"
"monkey","বানর","n.","https://res.cloudinary.com/ds8p3rvyx/image/upload/v1787679269/words/5b8f6d40-b4e1-4888-8271-079a31d88180/1787679268902_words_5b8f6d40-b4e1-4888-8271-079a31d88180.jpg.jpg","Monkey.jpg","words/5b8f6d40-b4e1-4888-8271-079a31d88180/1787679268902_words_5b8f6d40-b4e1-4888-8271-079a31d88180.jpg",217,"5b8f6d40-b4e1-4888-8271-079a31d88180"
"Moo","হাম্বা ডাকা","Verb/Noun","https://res.cloudinary.com/ds8p3rvyx/image/upload/v1787679270/words/9c560667-67da-43fc-810b-23eff825b202/1787679269672_words_9c560667-67da-43fc-810b-23eff825b202.jpg.jpg","Moo.jpg","words/9c560667-67da-43fc-810b-23eff825b202/1787679269672_words_9c560667-67da-43fc-810b-23eff825b202.jpg",218,"9c560667-67da-43fc-810b-23eff825b202"
"Moon","চাঁদ","Noun","https://res.cloudinary.com/ds8p3rvyx/image/upload/v1787678774/words/e1956d8d-5c0f-41be-9dd2-cb4fd66a3ee0/1787678773950_words_e1956d8d-5c0f-41be-9dd2-cb4fd66a3ee0.jpg.jpg","Moon.jpg","words/e1956d8d-5c0f-41be-9dd2-cb4fd66a3ee0/1787678773950_words_e1956d8d-5c0f-41be-9dd2-cb4fd66a3ee0.jpg",73,"e1956d8d-5c0f-41be-9dd2-cb4fd66a3ee0"
"morning","সকাল","n.","https://res.cloudinary.com/ds8p3rvyx/image/upload/v1787679270/words/f3c42637-5226-469a-88fb-d8e2c3cf3f65/1787679269728_words_f3c42637-5226-469a-88fb-d8e2c3cf3f65.jpg.jpg","Morning.jpg","words/f3c42637-5226-469a-88fb-d8e2c3cf3f65/1787679269728_words_f3c42637-5226-469a-88fb-d8e2c3cf3f65.jpg",219,"f3c42637-5226-469a-88fb-d8e2c3cf3f65"
"Mother","মা","Noun","https://res.cloudinary.com/ds8p3rvyx/image/upload/v1787678775/words/d32c79b5-0592-48ef-aeeb-753c4248e2f3/1787678774511_words_d32c79b5-0592-48ef-aeeb-753c4248e2f3.jpg.jpg","Mother.jpg","words/d32c79b5-0592-48ef-aeeb-753c4248e2f3/1787678774511_words_d32c79b5-0592-48ef-aeeb-753c4248e2f3.jpg",74,"d32c79b5-0592-48ef-aeeb-753c4248e2f3"
"Mouth","মুখ","Noun","https://res.cloudinary.com/ds8p3rvyx/image/upload/v1787678776/words/0157743d-89a9-4db5-9273-2ba311a3b027/1787678774756_words_0157743d-89a9-4db5-9273-2ba311a3b027.jfif.jpg","Mouth.jfif","words/0157743d-89a9-4db5-9273-2ba311a3b027/1787678774756_words_0157743d-89a9-4db5-9273-2ba311a3b027.jfif",76,"0157743d-89a9-4db5-9273-2ba311a3b027"
"Nail","নখ","Noun","https://res.cloudinary.com/ds8p3rvyx/image/upload/v1787679270/words/eb64499b-b789-41d2-9be2-ae96c8f7f54a/1787679269901_words_eb64499b-b789-41d2-9be2-ae96c8f7f54a.jpg.jpg","Nail.jpg","words/eb64499b-b789-41d2-9be2-ae96c8f7f54a/1787679269901_words_eb64499b-b789-41d2-9be2-ae96c8f7f54a.jpg",220,"eb64499b-b789-41d2-9be2-ae96c8f7f54a"
"nest","বাসা","n.","https://res.cloudinary.com/ds8p3rvyx/image/upload/v1787679270/words/db5c825d-5577-4671-8cfd-13e1cbf10867/1787679270081_words_db5c825d-5577-4671-8cfd-13e1cbf10867.jpg.jpg","Nest.jpg","words/db5c825d-5577-4671-8cfd-13e1cbf10867/1787679270081_words_db5c825d-5577-4671-8cfd-13e1cbf10867.jpg",221,"db5c825d-5577-4671-8cfd-13e1cbf10867"
"Net","জাল","Noun","https://res.cloudinary.com/ds8p3rvyx/image/upload/v1787679271/words/85149b8a-38a5-4fb5-b9ac-7feb6845d37f/1787679270627_words_85149b8a-38a5-4fb5-b9ac-7feb6845d37f.jpg.jpg","Net.jpg","words/85149b8a-38a5-4fb5-b9ac-7feb6845d37f/1787679270627_words_85149b8a-38a5-4fb5-b9ac-7feb6845d37f.jpg",222,"85149b8a-38a5-4fb5-b9ac-7feb6845d37f"
"Night","রাত","noun","https://res.cloudinary.com/ds8p3rvyx/image/upload/v1787678775/words/e72626f7-652d-4254-a06e-842316c4b15c/1787678774874_words_e72626f7-652d-4254-a06e-842316c4b15c.jpg.jpg","Night.jpg","words/e72626f7-652d-4254-a06e-842316c4b15c/1787678774874_words_e72626f7-652d-4254-a06e-842316c4b15c.jpg",75,"e72626f7-652d-4254-a06e-842316c4b15c"
"Notebook","খাতা","noun","https://res.cloudinary.com/ds8p3rvyx/image/upload/v1787678776/words/aae8f356-facd-44d3-bab6-19a4ca969ae4/1787678775115_words_aae8f356-facd-44d3-bab6-19a4ca969ae4.jpg.jpg","Notebook.jpg","words/aae8f356-facd-44d3-bab6-19a4ca969ae4/1787678775115_words_aae8f356-facd-44d3-bab6-19a4ca969ae4.jpg",77,"aae8f356-facd-44d3-bab6-19a4ca969ae4"
"number","সংখ্যা","n.","https://res.cloudinary.com/ds8p3rvyx/image/upload/v1787679271/words/8a767a70-3e48-4f5d-a799-ab33970fa67f/1787679270980_words_8a767a70-3e48-4f5d-a799-ab33970fa67f.jpg.jpg","Number.jpg","words/8a767a70-3e48-4f5d-a799-ab33970fa67f/1787679270980_words_8a767a70-3e48-4f5d-a799-ab33970fa67f.jpg",223,"8a767a70-3e48-4f5d-a799-ab33970fa67f"
"Old","বুড়ো; পুরোনো","adjective","https://res.cloudinary.com/ds8p3rvyx/image/upload/v1787678776/words/f9af7495-09ea-4ce9-b821-4c3b3ac62f59/1787678775670_words_f9af7495-09ea-4ce9-b821-4c3b3ac62f59.jpg.jpg","Old.jpg","words/f9af7495-09ea-4ce9-b821-4c3b3ac62f59/1787678775670_words_f9af7495-09ea-4ce9-b821-4c3b3ac62f59.jpg",78,"f9af7495-09ea-4ce9-b821-4c3b3ac62f59"
"open","খোলা; খোলা করা","v/adj","https://res.cloudinary.com/ds8p3rvyx/image/upload/v1787679271/words/56ba3a7b-25fc-468f-ad80-998e5490bae2/1787679271047_words_56ba3a7b-25fc-468f-ad80-998e5490bae2.jpg.jpg","Open.jpg","words/56ba3a7b-25fc-468f-ad80-998e5490bae2/1787679271047_words_56ba3a7b-25fc-468f-ad80-998e5490bae2.jpg",224,"56ba3a7b-25fc-468f-ad80-998e5490bae2"
"orange","কমলা","n.","https://res.cloudinary.com/ds8p3rvyx/image/upload/v1787678776/words/4bf4e5c4-e2f7-4d16-a8f1-ffee097b2c3a/1787678775865_words_4bf4e5c4-e2f7-4d16-a8f1-ffee097b2c3a.jpg.jpg","Orange.jpg","words/4bf4e5c4-e2f7-4d16-a8f1-ffee097b2c3a/1787678775865_words_4bf4e5c4-e2f7-4d16-a8f1-ffee097b2c3a.jpg",79,"4bf4e5c4-e2f7-4d16-a8f1-ffee097b2c3a"
"overbridge","ওভারব্রিজ","Noun","https://res.cloudinary.com/ds8p3rvyx/image/upload/v1787679272/words/52404019-4aa4-4140-96d3-373f18813309/1787679271211_words_52404019-4aa4-4140-96d3-373f18813309.jpg.jpg","Overbridge.jpg","words/52404019-4aa4-4140-96d3-373f18813309/1787679271211_words_52404019-4aa4-4140-96d3-373f18813309.jpg",225,"52404019-4aa4-4140-96d3-373f18813309"
"papaya","পেপে","n.","https://res.cloudinary.com/ds8p3rvyx/image/upload/v1787679272/words/084197a9-7f9e-4fe2-b70e-57ca92bfcec4/1787679271887_words_084197a9-7f9e-4fe2-b70e-57ca92bfcec4.png.png","Papaya.png","words/084197a9-7f9e-4fe2-b70e-57ca92bfcec4/1787679271887_words_084197a9-7f9e-4fe2-b70e-57ca92bfcec4.png",226,"084197a9-7f9e-4fe2-b70e-57ca92bfcec4"
"Partner","সঙ্গী; অংশীদার","noun","https://res.cloudinary.com/ds8p3rvyx/image/upload/v1787679273/words/af4aee88-a923-46bd-af46-eba1d0dddfcf/1787679272233_words_af4aee88-a923-46bd-af46-eba1d0dddfcf.jpg.jpg","Partner .jpg","words/af4aee88-a923-46bd-af46-eba1d0dddfcf/1787679272233_words_af4aee88-a923-46bd-af46-eba1d0dddfcf.jpg",228,"af4aee88-a923-46bd-af46-eba1d0dddfcf"
"Pencil","পেন্সিল","noun","https://res.cloudinary.com/ds8p3rvyx/image/upload/v1787678777/words/3c100f0f-cd01-408b-90c1-fb0b7e971d01/1787678776258_words_3c100f0f-cd01-408b-90c1-fb0b7e971d01.jpg.png","Pencil.jpg","words/3c100f0f-cd01-408b-90c1-fb0b7e971d01/1787678776258_words_3c100f0f-cd01-408b-90c1-fb0b7e971d01.jpg",80,"3c100f0f-cd01-408b-90c1-fb0b7e971d01"
"Person","ব্যক্তি","noun","https://res.cloudinary.com/ds8p3rvyx/image/upload/v1787679273/words/730efb71-4a88-4172-8cc6-190cc3ef690d/1787679272292_words_730efb71-4a88-4172-8cc6-190cc3ef690d.png.png","Person.png","words/730efb71-4a88-4172-8cc6-190cc3ef690d/1787679272292_words_730efb71-4a88-4172-8cc6-190cc3ef690d.png",227,"730efb71-4a88-4172-8cc6-190cc3ef690d"
"Peruse","মনোযোগ দিয়ে পড়া বা পরীক্ষা করা","Verb","https://res.cloudinary.com/ds8p3rvyx/image/upload/v1784815955/words/1/1784815953572_words_1.jpg.jpg","1.jpg","words/1/1784815953572_words_1.jpg",25,"43dc7af3-90e6-44a3-9b8c-3ea459c1a913"
"picnic","বনভোজন","n.","https://res.cloudinary.com/ds8p3rvyx/image/upload/v1787679273/words/183e285f-45d1-473a-b6d7-c0d6845724ab/1787679272405_words_183e285f-45d1-473a-b6d7-c0d6845724ab.png.png","Picnic.png","words/183e285f-45d1-473a-b6d7-c0d6845724ab/1787679272405_words_183e285f-45d1-473a-b6d7-c0d6845724ab.png",229,"183e285f-45d1-473a-b6d7-c0d6845724ab"
"Pineapple","আনারস","noun","https://res.cloudinary.com/ds8p3rvyx/image/upload/v1787678777/words/af3e7887-517d-4269-8449-a111e3c76e7c/1787678776370_words_af3e7887-517d-4269-8449-a111e3c76e7c.jpg.jpg","Pineapple.jpg","words/af3e7887-517d-4269-8449-a111e3c76e7c/1787678776370_words_af3e7887-517d-4269-8449-a111e3c76e7c.jpg",81,"af3e7887-517d-4269-8449-a111e3c76e7c"
"plant","গাছ; রোপণ করা","n/v","https://res.cloudinary.com/ds8p3rvyx/image/upload/v1787679274/words/4161f6e3-3d3b-4363-ad10-25db8e136630/1787679273097_words_4161f6e3-3d3b-4363-ad10-25db8e136630.png.png","Plant.png","words/4161f6e3-3d3b-4363-ad10-25db8e136630/1787679273097_words_4161f6e3-3d3b-4363-ad10-25db8e136630.png",230,"4161f6e3-3d3b-4363-ad10-25db8e136630"
"Play","খেলা; খেলতে","verb/noun","https://res.cloudinary.com/ds8p3rvyx/image/upload/v1787678777/words/816c3af0-9cbb-4db6-a4a5-d03be477c4d3/1787678776675_words_816c3af0-9cbb-4db6-a4a5-d03be477c4d3.jpg.jpg","Play.jpg","words/816c3af0-9cbb-4db6-a4a5-d03be477c4d3/1787678776675_words_816c3af0-9cbb-4db6-a4a5-d03be477c4d3.jpg",82,"816c3af0-9cbb-4db6-a4a5-d03be477c4d3"
"Please","অনুগ্রহ করে","adverb/interjection","https://res.cloudinary.com/ds8p3rvyx/image/upload/v1787679274/words/7617d18d-d9f7-4550-8076-b8b9f677f96f/1787679273399_words_7617d18d-d9f7-4550-8076-b8b9f677f96f.jpg.jpg","Please.jpg","words/7617d18d-d9f7-4550-8076-b8b9f677f96f/1787679273399_words_7617d18d-d9f7-4550-8076-b8b9f677f96f.jpg",231,"7617d18d-d9f7-4550-8076-b8b9f677f96f"
"Pond","পুকুর","noun","https://res.cloudinary.com/ds8p3rvyx/image/upload/v1787679274/words/fee3faef-da24-4846-913c-7f8a07ed5588/1787679273456_words_fee3faef-da24-4846-913c-7f8a07ed5588.png.png","Pond.png","words/fee3faef-da24-4846-913c-7f8a07ed5588/1787679273456_words_fee3faef-da24-4846-913c-7f8a07ed5588.png",232,"fee3faef-da24-4846-913c-7f8a07ed5588"
"Pot","হাঁড়ি; পাত্র","noun","https://res.cloudinary.com/ds8p3rvyx/image/upload/v1787679274/words/d14b46ea-dac6-4851-b498-d4c9489faf42/1787679273656_words_d14b46ea-dac6-4851-b498-d4c9489faf42.png.png","Pot.png","words/d14b46ea-dac6-4851-b498-d4c9489faf42/1787679273656_words_d14b46ea-dac6-4851-b498-d4c9489faf42.png",233,"d14b46ea-dac6-4851-b498-d4c9489faf42"
"Put","রাখা; রাখা/দেওয়া","verb","https://res.cloudinary.com/ds8p3rvyx/image/upload/v1787679275/words/e8d22116-dacf-4e79-945e-72a03af79cd7/1787679274239_words_e8d22116-dacf-4e79-945e-72a03af79cd7.png.png","Put.png","words/e8d22116-dacf-4e79-945e-72a03af79cd7/1787679274239_words_e8d22116-dacf-4e79-945e-72a03af79cd7.png",234,"e8d22116-dacf-4e79-945e-72a03af79cd7"
"Quack","হাঁসের ডাক","noun/verb","https://res.cloudinary.com/ds8p3rvyx/image/upload/v1787679275/words/9afa1392-56eb-479d-99bc-f60a788abe49/1787679274548_words_9afa1392-56eb-479d-99bc-f60a788abe49.jpg.png","Quack.jpg","words/9afa1392-56eb-479d-99bc-f60a788abe49/1787679274548_words_9afa1392-56eb-479d-99bc-f60a788abe49.jpg",235,"9afa1392-56eb-479d-99bc-f60a788abe49"
"Quilt","লেপ; কাঁথা","noun","https://res.cloudinary.com/ds8p3rvyx/image/upload/v1787679275/words/fb6e0973-678a-454c-8d61-1a20a6880875/1787679274716_words_fb6e0973-678a-454c-8d61-1a20a6880875.jpg.jpg","Quilt .jpg","words/fb6e0973-678a-454c-8d61-1a20a6880875/1787679274716_words_fb6e0973-678a-454c-8d61-1a20a6880875.jpg",236,"fb6e0973-678a-454c-8d61-1a20a6880875"
"Rain","বৃষ্টি","noun/verb","https://res.cloudinary.com/ds8p3rvyx/image/upload/v1787679276/words/f32ab8c3-80df-4914-9bf2-231913a76e4e/1787679275146_words_f32ab8c3-80df-4914-9bf2-231913a76e4e.jpg.jpg","Rain .jpg","words/f32ab8c3-80df-4914-9bf2-231913a76e4e/1787679275146_words_f32ab8c3-80df-4914-9bf2-231913a76e4e.jpg",239,"f32ab8c3-80df-4914-9bf2-231913a76e4e"
"Raise","উঠানো","verb","https://res.cloudinary.com/ds8p3rvyx/image/upload/v1787679276/words/869876bd-9247-43cb-902d-4f11650481d2/1787679275399_words_869876bd-9247-43cb-902d-4f11650481d2.jfif.jpg","Raise.jfif","words/869876bd-9247-43cb-902d-4f11650481d2/1787679275399_words_869876bd-9247-43cb-902d-4f11650481d2.jfif",240,"869876bd-9247-43cb-902d-4f11650481d2"
"Rat","ইঁদুর","noun","https://res.cloudinary.com/ds8p3rvyx/image/upload/v1787679276/words/7e2ae00c-dcad-4bb3-b2d9-670af9b4a4fe/1787679275556_words_7e2ae00c-dcad-4bb3-b2d9-670af9b4a4fe.jfif.jpg","Rat.jfif","words/7e2ae00c-dcad-4bb3-b2d9-670af9b4a4fe/1787679275556_words_7e2ae00c-dcad-4bb3-b2d9-670af9b4a4fe.jfif",237,"7e2ae00c-dcad-4bb3-b2d9-670af9b4a4fe"
"Read","পড়া","verb","https://res.cloudinary.com/ds8p3rvyx/image/upload/v1787679276/words/f9f7d9ec-4579-44cd-bfee-c91de603b1cf/1787679275720_words_f9f7d9ec-4579-44cd-bfee-c91de603b1cf.jfif.jpg","Read.jfif","words/f9f7d9ec-4579-44cd-bfee-c91de603b1cf/1787679275720_words_f9f7d9ec-4579-44cd-bfee-c91de603b1cf.jfif",238,"f9f7d9ec-4579-44cd-bfee-c91de603b1cf"
"request","অনুরোধ","n/v","https://res.cloudinary.com/ds8p3rvyx/image/upload/v1787679277/words/cbfae4b0-c648-4bed-91a2-34c99f9c3379/1787679276517_words_cbfae4b0-c648-4bed-91a2-34c99f9c3379.jfif.jpg","Request.jfif","words/cbfae4b0-c648-4bed-91a2-34c99f9c3379/1787679276517_words_cbfae4b0-c648-4bed-91a2-34c99f9c3379.jfif",241,"cbfae4b0-c648-4bed-91a2-34c99f9c3379"
"Rhyme","ছড়া; মিল","noun/verb","https://res.cloudinary.com/ds8p3rvyx/image/upload/v1787679277/words/959aa0a0-891a-44c7-83f5-5710a86c1605/1787679276741_words_959aa0a0-891a-44c7-83f5-5710a86c1605.jfif.jpg","Rhyme.jfif","words/959aa0a0-891a-44c7-83f5-5710a86c1605/1787679276741_words_959aa0a0-891a-44c7-83f5-5710a86c1605.jfif",242,"959aa0a0-891a-44c7-83f5-5710a86c1605"
"Rice","ভাত; চাল","noun","https://res.cloudinary.com/ds8p3rvyx/image/upload/v1787678778/words/2a3a0384-6cec-4558-ade9-3422419e0806/1787678777148_words_2a3a0384-6cec-4558-ade9-3422419e0806.jpg.jpg","Rice.jpg","words/2a3a0384-6cec-4558-ade9-3422419e0806/1787678777148_words_2a3a0384-6cec-4558-ade9-3422419e0806.jpg",83,"2a3a0384-6cec-4558-ade9-3422419e0806"
"River","নদী","noun","https://res.cloudinary.com/ds8p3rvyx/image/upload/v1787679277/words/df4b90f7-8ad4-41c8-86da-6b97b0da125f/1787679276899_words_df4b90f7-8ad4-41c8-86da-6b97b0da125f.jpg.jpg","River.jpg","words/df4b90f7-8ad4-41c8-86da-6b97b0da125f/1787679276899_words_df4b90f7-8ad4-41c8-86da-6b97b0da125f.jpg",243,"df4b90f7-8ad4-41c8-86da-6b97b0da125f"
"row","সারি","n","https://res.cloudinary.com/ds8p3rvyx/image/upload/v1787678778/words/fbccae77-43e9-424e-b849-2471ce4fcf00/1787678777348_words_fbccae77-43e9-424e-b849-2471ce4fcf00.png.png","Row.png","words/fbccae77-43e9-424e-b849-2471ce4fcf00/1787678777348_words_fbccae77-43e9-424e-b849-2471ce4fcf00.png",84,"fbccae77-43e9-424e-b849-2471ce4fcf00"
"Sad","দুঃখিত","adjective","https://res.cloudinary.com/ds8p3rvyx/image/upload/v1787678778/words/30514af3-8fb6-467c-8e05-ffbfa22f78a1/1787678777567_words_30514af3-8fb6-467c-8e05-ffbfa22f78a1.png.png","Sad.png","words/30514af3-8fb6-467c-8e05-ffbfa22f78a1/1787678777567_words_30514af3-8fb6-467c-8e05-ffbfa22f78a1.png",85,"30514af3-8fb6-467c-8e05-ffbfa22f78a1"
"Safe","নিরাপদ","adjective","https://res.cloudinary.com/ds8p3rvyx/image/upload/v1787679277/words/a5a76865-a5ad-446d-adce-39d82d226805/1787679277007_words_a5a76865-a5ad-446d-adce-39d82d226805.jfif.jpg","Safe.jfif","words/a5a76865-a5ad-446d-adce-39d82d226805/1787679277007_words_a5a76865-a5ad-446d-adce-39d82d226805.jfif",244,"a5a76865-a5ad-446d-adce-39d82d226805"
"Same","একই","adjective","https://res.cloudinary.com/ds8p3rvyx/image/upload/v1787678778/words/c257c379-149a-46e4-ba05-dab1bbd3350f/1787678777852_words_c257c379-149a-46e4-ba05-dab1bbd3350f.png.png","Same.png","words/c257c379-149a-46e4-ba05-dab1bbd3350f/1787678777852_words_c257c379-149a-46e4-ba05-dab1bbd3350f.png",86,"c257c379-149a-46e4-ba05-dab1bbd3350f"
"Saturday","শনিবার","Noun","https://res.cloudinary.com/ds8p3rvyx/image/upload/v1787678779/words/7d14882b-fee4-4f8a-9043-67635d78e55a/1787678778274_words_7d14882b-fee4-4f8a-9043-67635d78e55a.jpg.jpg","Saturday.jpg","words/7d14882b-fee4-4f8a-9043-67635d78e55a/1787678778274_words_7d14882b-fee4-4f8a-9043-67635d78e55a.jpg",87,"7d14882b-fee4-4f8a-9043-67635d78e55a"
"School","বিদ্যালয়","noun","https://res.cloudinary.com/ds8p3rvyx/image/upload/v1787678779/words/07493703-eff5-4ac5-a50e-f79da23d4ef1/1787678778459_words_07493703-eff5-4ac5-a50e-f79da23d4ef1.jpg.jpg","School.jpg","words/07493703-eff5-4ac5-a50e-f79da23d4ef1/1787678778459_words_07493703-eff5-4ac5-a50e-f79da23d4ef1.jpg",88,"07493703-eff5-4ac5-a50e-f79da23d4ef1"
"seat","আসন; বসার জায়গা দেওয়া","n/v","https://res.cloudinary.com/ds8p3rvyx/image/upload/v1787679278/words/463c8517-2472-41a5-9a5c-6b23108fbe8e/1787679277598_words_463c8517-2472-41a5-9a5c-6b23108fbe8e.jfif.jpg","Seat.jfif","words/463c8517-2472-41a5-9a5c-6b23108fbe8e/1787679277598_words_463c8517-2472-41a5-9a5c-6b23108fbe8e.jfif",245,"463c8517-2472-41a5-9a5c-6b23108fbe8e"
"see","দেখা","v.","https://res.cloudinary.com/ds8p3rvyx/image/upload/v1787678779/words/9c068291-83b1-406d-a7a6-2a859305cb01/1787678778904_words_9c068291-83b1-406d-a7a6-2a859305cb01.jpg.jpg","See.jpg","words/9c068291-83b1-406d-a7a6-2a859305cb01/1787678778904_words_9c068291-83b1-406d-a7a6-2a859305cb01.jpg",89,"9c068291-83b1-406d-a7a6-2a859305cb01"
"seed","বীজ","n","https://res.cloudinary.com/ds8p3rvyx/image/upload/v1787679278/words/207b1571-b6b3-436e-9428-6a5e1e8e6e93/1787679277773_words_207b1571-b6b3-436e-9428-6a5e1e8e6e93.jfif.jpg","Seed.jfif","words/207b1571-b6b3-436e-9428-6a5e1e8e6e93/1787679277773_words_207b1571-b6b3-436e-9428-6a5e1e8e6e93.jfif",246,"207b1571-b6b3-436e-9428-6a5e1e8e6e93"
"Self","নিজে; নিজস্ব","noun/pronoun","https://res.cloudinary.com/ds8p3rvyx/image/upload/v1787679278/words/e819fe70-8a55-4270-a774-f1866d96231e/1787679278039_words_e819fe70-8a55-4270-a774-f1866d96231e.jpg.png","Self.jpg","words/e819fe70-8a55-4270-a774-f1866d96231e/1787679278039_words_e819fe70-8a55-4270-a774-f1866d96231e.jpg",247,"e819fe70-8a55-4270-a774-f1866d96231e"
"September","সেপ্টেম্বর","noun","https://res.cloudinary.com/ds8p3rvyx/image/upload/v1787678779/words/fb31c843-27ed-4497-8d7b-5887577af231/1787678779025_words_fb31c843-27ed-4497-8d7b-5887577af231.png.png","September.png","words/fb31c843-27ed-4497-8d7b-5887577af231/1787678779025_words_fb31c843-27ed-4497-8d7b-5887577af231.png",90,"fb31c843-27ed-4497-8d7b-5887577af231"
"Shed","ছাউনি; গোয়ালঘর","noun","https://res.cloudinary.com/ds8p3rvyx/image/upload/v1787679278/words/d9172675-dbb6-41c6-a6c3-d550ee0a36dc/1787679278102_words_d9172675-dbb6-41c6-a6c3-d550ee0a36dc.jfif.jpg","Shed.jfif","words/d9172675-dbb6-41c6-a6c3-d550ee0a36dc/1787679278102_words_d9172675-dbb6-41c6-a6c3-d550ee0a36dc.jfif",248,"d9172675-dbb6-41c6-a6c3-d550ee0a36dc"
"Sheep","ভেড়া","noun","https://res.cloudinary.com/ds8p3rvyx/image/upload/v1787678781/words/873c1a0f-cffe-4f8b-8503-59d9e5598954/1787678779457_words_873c1a0f-cffe-4f8b-8503-59d9e5598954.png.png","Sheep.png","words/873c1a0f-cffe-4f8b-8503-59d9e5598954/1787678779457_words_873c1a0f-cffe-4f8b-8503-59d9e5598954.png",94,"873c1a0f-cffe-4f8b-8503-59d9e5598954"
"Ship","জাহাজ","noun","https://res.cloudinary.com/ds8p3rvyx/image/upload/v1787678780/words/ccb0f239-a119-4281-bf91-bbf54c95398d/1787678779657_words_ccb0f239-a119-4281-bf91-bbf54c95398d.png.png","Ship.png","words/ccb0f239-a119-4281-bf91-bbf54c95398d/1787678779657_words_ccb0f239-a119-4281-bf91-bbf54c95398d.png",91,"ccb0f239-a119-4281-bf91-bbf54c95398d"
"Shoe","জুতা","noun","https://res.cloudinary.com/ds8p3rvyx/image/upload/v1787678781/words/53e8e3a7-fb44-4dc2-9ff9-0d8dff3dd30b/1787678780105_words_53e8e3a7-fb44-4dc2-9ff9-0d8dff3dd30b.png.png","Shoe.png","words/53e8e3a7-fb44-4dc2-9ff9-0d8dff3dd30b/1787678780105_words_53e8e3a7-fb44-4dc2-9ff9-0d8dff3dd30b.png",92,"53e8e3a7-fb44-4dc2-9ff9-0d8dff3dd30b"
"Show","দেখানো","verb/noun","https://res.cloudinary.com/ds8p3rvyx/image/upload/v1787679279/words/f845cb4c-7a11-43b4-99b5-a1e8acfd2d0b/1787679278526_words_f845cb4c-7a11-43b4-99b5-a1e8acfd2d0b.jfif.jpg","Show.jfif","words/f845cb4c-7a11-43b4-99b5-a1e8acfd2d0b/1787679278526_words_f845cb4c-7a11-43b4-99b5-a1e8acfd2d0b.jfif",249,"f845cb4c-7a11-43b4-99b5-a1e8acfd2d0b"
"Sing","গান গাওয়া","verb","https://res.cloudinary.com/ds8p3rvyx/image/upload/v1787678781/words/cae1b657-5227-4544-b935-ae1770e095a1/1787678780579_words_cae1b657-5227-4544-b935-ae1770e095a1.png.png","Sing.png","words/cae1b657-5227-4544-b935-ae1770e095a1/1787678780579_words_cae1b657-5227-4544-b935-ae1770e095a1.png",93,"cae1b657-5227-4544-b935-ae1770e095a1"
"singing","গান","n./v.","https://res.cloudinary.com/ds8p3rvyx/image/upload/v1787679279/words/25fb52a6-599b-40f6-b47e-f97bce51fd65/1787679278811_words_25fb52a6-599b-40f6-b47e-f97bce51fd65.jfif.jpg","Singing.jfif","words/25fb52a6-599b-40f6-b47e-f97bce51fd65/1787679278811_words_25fb52a6-599b-40f6-b47e-f97bce51fd65.jfif",250,"25fb52a6-599b-40f6-b47e-f97bce51fd65"
"Sister","বোন","noun","https://res.cloudinary.com/ds8p3rvyx/image/upload/v1787678781/words/baa11402-9820-4956-893b-8aeaed0fec1b/1787678780828_words_baa11402-9820-4956-893b-8aeaed0fec1b.jpg.jpg","Sister.jpg","words/baa11402-9820-4956-893b-8aeaed0fec1b/1787678780828_words_baa11402-9820-4956-893b-8aeaed0fec1b.jpg",95,"baa11402-9820-4956-893b-8aeaed0fec1b"
"Sit","বসা","verb","https://res.cloudinary.com/ds8p3rvyx/image/upload/v1787678782/words/c0c7448c-d486-4f68-b185-a498f112cf23/1787678781400_words_c0c7448c-d486-4f68-b185-a498f112cf23.png.png","Sit.png","words/c0c7448c-d486-4f68-b185-a498f112cf23/1787678781400_words_c0c7448c-d486-4f68-b185-a498f112cf23.png",96,"c0c7448c-d486-4f68-b185-a498f112cf23"
"Sky","আকাশ","noun","https://res.cloudinary.com/ds8p3rvyx/image/upload/v1787678782/words/8cb07739-281f-450a-b27b-e4c69cabc0fd/1787678781789_words_8cb07739-281f-450a-b27b-e4c69cabc0fd.png.png","Sky.png","words/8cb07739-281f-450a-b27b-e4c69cabc0fd/1787678781789_words_8cb07739-281f-450a-b27b-e4c69cabc0fd.png",97,"8cb07739-281f-450a-b27b-e4c69cabc0fd"
"Slow","ধীর","adjective","https://res.cloudinary.com/ds8p3rvyx/image/upload/v1787678783/words/751a0b8d-fd86-463a-8dd8-79240e59bb51/1787678782264_words_751a0b8d-fd86-463a-8dd8-79240e59bb51.jpg.jpg","Slow.jpg","words/751a0b8d-fd86-463a-8dd8-79240e59bb51/1787678782264_words_751a0b8d-fd86-463a-8dd8-79240e59bb51.jpg",98,"751a0b8d-fd86-463a-8dd8-79240e59bb51"
"Small","ছোট","adjective","https://res.cloudinary.com/ds8p3rvyx/image/upload/v1787678783/words/0b26fd57-0281-4642-8316-c9ed6239c654/1787678782324_words_0b26fd57-0281-4642-8316-c9ed6239c654.jpg.jpg","Small.jpg","words/0b26fd57-0281-4642-8316-c9ed6239c654/1787678782324_words_0b26fd57-0281-4642-8316-c9ed6239c654.jpg",99,"0b26fd57-0281-4642-8316-c9ed6239c654"
"soil","মাটি","n","https://res.cloudinary.com/ds8p3rvyx/image/upload/v1787679280/words/ee4da8dc-749c-4627-b5d9-731ffd4dbb12/1787679279179_words_ee4da8dc-749c-4627-b5d9-731ffd4dbb12.jfif.jpg","Soil.jfif","words/ee4da8dc-749c-4627-b5d9-731ffd4dbb12/1787679279179_words_ee4da8dc-749c-4627-b5d9-731ffd4dbb12.jfif",251,"ee4da8dc-749c-4627-b5d9-731ffd4dbb12"
"Sorry","দুঃখিত","adjective/interjection","https://res.cloudinary.com/ds8p3rvyx/image/upload/v1787679280/words/47a6f0d6-664c-4ee8-b598-a7a28255e1ef/1787679279235_words_47a6f0d6-664c-4ee8-b598-a7a28255e1ef.png.png","Sorry.png","words/47a6f0d6-664c-4ee8-b598-a7a28255e1ef/1787679279235_words_47a6f0d6-664c-4ee8-b598-a7a28255e1ef.png",253,"47a6f0d6-664c-4ee8-b598-a7a28255e1ef"
"Sound","শব্দ","noun/verb/adjective","https://res.cloudinary.com/ds8p3rvyx/image/upload/v1787679280/words/df99d034-aff2-4d60-b61b-db39c9fbe9ef/1787679279531_words_df99d034-aff2-4d60-b61b-db39c9fbe9ef.jfif.jpg","Sound.jfif","words/df99d034-aff2-4d60-b61b-db39c9fbe9ef/1787679279531_words_df99d034-aff2-4d60-b61b-db39c9fbe9ef.jfif",252,"df99d034-aff2-4d60-b61b-db39c9fbe9ef"
"Speak","কথা বলা","verb","https://res.cloudinary.com/ds8p3rvyx/image/upload/v1787679280/words/cd78df8e-86e6-478a-934a-f76709fc4d1c/1787679279838_words_cd78df8e-86e6-478a-934a-f76709fc4d1c.png.png","Speak.png","words/cd78df8e-86e6-478a-934a-f76709fc4d1c/1787679279838_words_cd78df8e-86e6-478a-934a-f76709fc4d1c.png",254,"cd78df8e-86e6-478a-934a-f76709fc4d1c"
"Square","বর্গক্ষেত্র","noun/adjective","https://res.cloudinary.com/ds8p3rvyx/image/upload/v1787679281/words/45d582e3-de5e-4edf-b09d-ccd3bd3e44b6/1787679280234_words_45d582e3-de5e-4edf-b09d-ccd3bd3e44b6.png.png","Square.png","words/45d582e3-de5e-4edf-b09d-ccd3bd3e44b6/1787679280234_words_45d582e3-de5e-4edf-b09d-ccd3bd3e44b6.png",255,"45d582e3-de5e-4edf-b09d-ccd3bd3e44b6"
"Stand","দাঁড়ানো","verb/noun","https://res.cloudinary.com/ds8p3rvyx/image/upload/v1787679281/words/d79eea64-0f29-4b77-988f-cb31f4591967/1787679280513_words_d79eea64-0f29-4b77-988f-cb31f4591967.png.png","Stand.png","words/d79eea64-0f29-4b77-988f-cb31f4591967/1787679280513_words_d79eea64-0f29-4b77-988f-cb31f4591967.png",256,"d79eea64-0f29-4b77-988f-cb31f4591967"
"star","তারা","n.","https://res.cloudinary.com/ds8p3rvyx/image/upload/v1787679281/words/c5353ed6-fb43-4734-bf18-9a02b02fc89f/1787679280677_words_c5353ed6-fb43-4734-bf18-9a02b02fc89f.jfif.jpg","Star.jfif","words/c5353ed6-fb43-4734-bf18-9a02b02fc89f/1787679280677_words_c5353ed6-fb43-4734-bf18-9a02b02fc89f.jfif",257,"c5353ed6-fb43-4734-bf18-9a02b02fc89f"
"Stone","পাথর","noun","https://res.cloudinary.com/ds8p3rvyx/image/upload/v1787679281/words/423a4bb3-06f5-4e60-bc19-690f39f9d82c/1787679280844_words_423a4bb3-06f5-4e60-bc19-690f39f9d82c.jfif.jpg","Stone.jfif","words/423a4bb3-06f5-4e60-bc19-690f39f9d82c/1787679280844_words_423a4bb3-06f5-4e60-bc19-690f39f9d82c.jfif",258,"423a4bb3-06f5-4e60-bc19-690f39f9d82c"
"Stop","থামা; থামানো","verb/noun","https://res.cloudinary.com/ds8p3rvyx/image/upload/v1787679282/words/a8ee9c11-b02a-455c-80e9-b16e6d74b4d2/1787679281289_words_a8ee9c11-b02a-455c-80e9-b16e6d74b4d2.jfif.jpg","Stop.jfif","words/a8ee9c11-b02a-455c-80e9-b16e6d74b4d2/1787679281289_words_a8ee9c11-b02a-455c-80e9-b16e6d74b4d2.jfif",259,"a8ee9c11-b02a-455c-80e9-b16e6d74b4d2"
"Story","গল্প","noun","https://res.cloudinary.com/ds8p3rvyx/image/upload/v1787679282/words/1a17f8c1-c00a-4b26-98fa-87aa0db8a0a4/1787679281546_words_1a17f8c1-c00a-4b26-98fa-87aa0db8a0a4.jfif.jpg","Story.jfif","words/1a17f8c1-c00a-4b26-98fa-87aa0db8a0a4/1787679281546_words_1a17f8c1-c00a-4b26-98fa-87aa0db8a0a4.jfif",260,"1a17f8c1-c00a-4b26-98fa-87aa0db8a0a4"
"straight","সোজা","adj/adv","https://res.cloudinary.com/ds8p3rvyx/image/upload/v1787679282/words/02993e99-62a2-478e-b1d6-931573356b56/1787679281719_words_02993e99-62a2-478e-b1d6-931573356b56.png.png","Straight.png","words/02993e99-62a2-478e-b1d6-931573356b56/1787679281719_words_02993e99-62a2-478e-b1d6-931573356b56.png",261,"02993e99-62a2-478e-b1d6-931573356b56"
"Student","ছাত্র; ছাত্রী","noun","https://res.cloudinary.com/ds8p3rvyx/image/upload/v1787679282/words/519c0863-e310-4ed7-a43e-feda6987bc64/1787679281968_words_519c0863-e310-4ed7-a43e-feda6987bc64.jfif.jpg","Student.jfif","words/519c0863-e310-4ed7-a43e-feda6987bc64/1787679281968_words_519c0863-e310-4ed7-a43e-feda6987bc64.jfif",262,"519c0863-e310-4ed7-a43e-feda6987bc64"
"Summer","গ্রীষ্মকাল","noun","https://res.cloudinary.com/ds8p3rvyx/image/upload/v1787678783/words/cf590978-25c1-422d-9a0b-5f7ec556df29/1787678782617_words_cf590978-25c1-422d-9a0b-5f7ec556df29.jpg.jpg","Summer.jpg","words/cf590978-25c1-422d-9a0b-5f7ec556df29/1787678782617_words_cf590978-25c1-422d-9a0b-5f7ec556df29.jpg",100,"cf590978-25c1-422d-9a0b-5f7ec556df29"
"sun","সূর্য","n","https://res.cloudinary.com/ds8p3rvyx/image/upload/v1787679283/words/9eb46297-581e-4ace-98e2-2663a5b79da0/1787679282271_words_9eb46297-581e-4ace-98e2-2663a5b79da0.jfif.jpg","Sun.jfif","words/9eb46297-581e-4ace-98e2-2663a5b79da0/1787679282271_words_9eb46297-581e-4ace-98e2-2663a5b79da0.jfif",263,"9eb46297-581e-4ace-98e2-2663a5b79da0"
"Take","নেওয়া","verb","https://res.cloudinary.com/ds8p3rvyx/image/upload/v1787679283/words/fec66ded-7cb4-4d0a-a7cd-5e74f7209da8/1787679282544_words_fec66ded-7cb4-4d0a-a7cd-5e74f7209da8.jfif.jpg","Take.jfif","words/fec66ded-7cb4-4d0a-a7cd-5e74f7209da8/1787679282544_words_fec66ded-7cb4-4d0a-a7cd-5e74f7209da8.jfif",264,"fec66ded-7cb4-4d0a-a7cd-5e74f7209da8"
"Talk","কথা বলা","verb/noun","https://res.cloudinary.com/ds8p3rvyx/image/upload/v1787679284/words/dd30ea9f-907f-41dc-b840-ec76bd36b160/1787679283138_words_dd30ea9f-907f-41dc-b840-ec76bd36b160.png.png","Talk.png","words/dd30ea9f-907f-41dc-b840-ec76bd36b160/1787679283138_words_dd30ea9f-907f-41dc-b840-ec76bd36b160.png",265,"dd30ea9f-907f-41dc-b840-ec76bd36b160"
"Teacher","শিক্ষক; শিক্ষিকা","noun","https://res.cloudinary.com/ds8p3rvyx/image/upload/v1787679284/words/5c9dbf97-b654-4ac1-aec2-d218acaa3a9f/1787679283637_words_5c9dbf97-b654-4ac1-aec2-d218acaa3a9f.jfif.jpg","Teacher.jfif","words/5c9dbf97-b654-4ac1-aec2-d218acaa3a9f/1787679283637_words_5c9dbf97-b654-4ac1-aec2-d218acaa3a9f.jfif",266,"5c9dbf97-b654-4ac1-aec2-d218acaa3a9f"
"Teeth","দাঁত","noun","https://res.cloudinary.com/ds8p3rvyx/image/upload/v1787679284/words/09a181b5-3845-442e-bacb-46503e424d86/1787679283691_words_09a181b5-3845-442e-bacb-46503e424d86.jfif.jpg","Teeth.jfif","words/09a181b5-3845-442e-bacb-46503e424d86/1787679283691_words_09a181b5-3845-442e-bacb-46503e424d86.jfif",267,"09a181b5-3845-442e-bacb-46503e424d86"
"Throw","ছোড়া; নিক্ষেপ করা","verb","https://res.cloudinary.com/ds8p3rvyx/image/upload/v1787679284/words/7be57b60-5535-4b21-b403-3c30874c5d29/1787679283809_words_7be57b60-5535-4b21-b403-3c30874c5d29.jfif.jpg","Throw.jfif","words/7be57b60-5535-4b21-b403-3c30874c5d29/1787679283809_words_7be57b60-5535-4b21-b403-3c30874c5d29.jfif",269,"7be57b60-5535-4b21-b403-3c30874c5d29"
"Time","সময়","noun","https://res.cloudinary.com/ds8p3rvyx/image/upload/v1787679285/words/e37de63e-8d28-4417-b9c4-4cf3818a148e/1787679284458_words_e37de63e-8d28-4417-b9c4-4cf3818a148e.png.png","Time.png","words/e37de63e-8d28-4417-b9c4-4cf3818a148e/1787679284458_words_e37de63e-8d28-4417-b9c4-4cf3818a148e.png",268,"e37de63e-8d28-4417-b9c4-4cf3818a148e"
"Tomato","টমেটো","noun","https://res.cloudinary.com/ds8p3rvyx/image/upload/v1787678783/words/9dd826db-20c9-47a8-a9ee-af26d0539772/1787678783062_words_9dd826db-20c9-47a8-a9ee-af26d0539772.jpeg.jpg","tomato.jpeg","words/9dd826db-20c9-47a8-a9ee-af26d0539772/1787678783062_words_9dd826db-20c9-47a8-a9ee-af26d0539772.jpeg",101,"9dd826db-20c9-47a8-a9ee-af26d0539772"
"Touch","ছোঁয়া; স্পর্শ করা","verb/noun","https://res.cloudinary.com/ds8p3rvyx/image/upload/v1787678784/words/2a934393-a148-480b-849e-52184be83c18/1787678783392_words_2a934393-a148-480b-849e-52184be83c18.jpeg.jpg","touch.jpeg","words/2a934393-a148-480b-849e-52184be83c18/1787678783392_words_2a934393-a148-480b-849e-52184be83c18.jpeg",103,"2a934393-a148-480b-849e-52184be83c18"
"Trace","চিহ্নিত করা; অনুসরণ করা","verb/noun","https://res.cloudinary.com/ds8p3rvyx/image/upload/v1787679285/words/8e82ea9c-927a-49b4-82ca-caccffaa7545/1787679284721_words_8e82ea9c-927a-49b4-82ca-caccffaa7545.jpg.jpg","Trace.jpg","words/8e82ea9c-927a-49b4-82ca-caccffaa7545/1787679284721_words_8e82ea9c-927a-49b4-82ca-caccffaa7545.jpg",270,"8e82ea9c-927a-49b4-82ca-caccffaa7545"
"Tree","গাছ","Noun","https://res.cloudinary.com/ds8p3rvyx/image/upload/v1787678784/words/822c5a81-f867-4582-bded-8c13b4524370/1787678783455_words_822c5a81-f867-4582-bded-8c13b4524370.jpeg.jpg","tree.jpeg","words/822c5a81-f867-4582-bded-8c13b4524370/1787678783455_words_822c5a81-f867-4582-bded-8c13b4524370.jpeg",102,"822c5a81-f867-4582-bded-8c13b4524370"
"Triangle","ত্রিভুজ","Noun","https://res.cloudinary.com/ds8p3rvyx/image/upload/v1787679285/words/ee8efcfd-e9b4-4419-acbd-fc900f6692c3/1787679284829_words_ee8efcfd-e9b4-4419-acbd-fc900f6692c3.png.png","Triangle.png","words/ee8efcfd-e9b4-4419-acbd-fc900f6692c3/1787679284829_words_ee8efcfd-e9b4-4419-acbd-fc900f6692c3.png",271,"ee8efcfd-e9b4-4419-acbd-fc900f6692c3"
"Tuesday","মঙ্গলবার","n","https://res.cloudinary.com/ds8p3rvyx/image/upload/v1787678784/words/797206a2-e6cb-46ac-b220-670994c2c744/1787678783807_words_797206a2-e6cb-46ac-b220-670994c2c744.jpeg.jpg","tuesday.jpeg","words/797206a2-e6cb-46ac-b220-670994c2c744/1787678783807_words_797206a2-e6cb-46ac-b220-670994c2c744.jpeg",104,"797206a2-e6cb-46ac-b220-670994c2c744"
"Umbrella","ছাতা","Noun","https://res.cloudinary.com/ds8p3rvyx/image/upload/v1787678785/words/1c79e1e9-1b3c-47ac-bb53-c81293b3316f/1787678784117_words_1c79e1e9-1b3c-47ac-bb53-c81293b3316f.jpeg.jpg","Umbrella.jpeg","words/1c79e1e9-1b3c-47ac-bb53-c81293b3316f/1787678784117_words_1c79e1e9-1b3c-47ac-bb53-c81293b3316f.jpeg",105,"1c79e1e9-1b3c-47ac-bb53-c81293b3316f"
"Under","নিচে","preposition/adverb","https://res.cloudinary.com/ds8p3rvyx/image/upload/v1787678785/words/dad350f2-fabd-43e1-9e1a-2603fea644b9/1787678784579_words_dad350f2-fabd-43e1-9e1a-2603fea644b9.jpeg.jpg","under.jpeg","words/dad350f2-fabd-43e1-9e1a-2603fea644b9/1787678784579_words_dad350f2-fabd-43e1-9e1a-2603fea644b9.jpeg",106,"dad350f2-fabd-43e1-9e1a-2603fea644b9"
"Uniform","পোশাক; ইউনিফর্ম","noun/adjective","https://res.cloudinary.com/ds8p3rvyx/image/upload/v1787678785/words/4bb3bf1c-faa4-4ce0-9f09-40a546dd8466/1787678784673_words_4bb3bf1c-faa4-4ce0-9f09-40a546dd8466.jpeg.jpg","Uniform.jpeg","words/4bb3bf1c-faa4-4ce0-9f09-40a546dd8466/1787678784673_words_4bb3bf1c-faa4-4ce0-9f09-40a546dd8466.jpeg",107,"4bb3bf1c-faa4-4ce0-9f09-40a546dd8466"
"Use","ব্যবহার করা","verb/noun","https://res.cloudinary.com/ds8p3rvyx/image/upload/v1787679286/words/407ca6b6-7f63-407f-854e-a88c313ac5b4/1787679285695_words_407ca6b6-7f63-407f-854e-a88c313ac5b4.jpg.jpg","use.jpg","words/407ca6b6-7f63-407f-854e-a88c313ac5b4/1787679285695_words_407ca6b6-7f63-407f-854e-a88c313ac5b4.jpg",272,"407ca6b6-7f63-407f-854e-a88c313ac5b4"
"Vase","ফুলদানি","Noun","https://res.cloudinary.com/ds8p3rvyx/image/upload/v1787678785/words/9906e8fa-8847-4dff-aaed-50f9b4fd8493/1787678784905_words_9906e8fa-8847-4dff-aaed-50f9b4fd8493.jpeg.jpg","vase.jpeg","words/9906e8fa-8847-4dff-aaed-50f9b4fd8493/1787678784905_words_9906e8fa-8847-4dff-aaed-50f9b4fd8493.jpeg",109,"9906e8fa-8847-4dff-aaed-50f9b4fd8493"
"Very","খুব","Adverb","https://res.cloudinary.com/ds8p3rvyx/image/upload/v1787679287/words/ace20251-3262-43e2-9f88-3adbfe0a2d5b/1787679285755_words_ace20251-3262-43e2-9f88-3adbfe0a2d5b.jpg.jpg","Very.jpg","words/ace20251-3262-43e2-9f88-3adbfe0a2d5b/1787679285755_words_ace20251-3262-43e2-9f88-3adbfe0a2d5b.jpg",278,"ace20251-3262-43e2-9f88-3adbfe0a2d5b"
"Wait","অপেক্ষা করা","Verb","https://res.cloudinary.com/ds8p3rvyx/image/upload/v1787678786/words/5ce4e5d8-8198-4c88-a1f0-22cd321fd247/1787678785343_words_5ce4e5d8-8198-4c88-a1f0-22cd321fd247.jpeg.jpg","Wait.jpeg","words/5ce4e5d8-8198-4c88-a1f0-22cd321fd247/1787678785343_words_5ce4e5d8-8198-4c88-a1f0-22cd321fd247.jpeg",108,"5ce4e5d8-8198-4c88-a1f0-22cd321fd247"
"Wash","ধোয়া","Verb","https://res.cloudinary.com/ds8p3rvyx/image/upload/v1787679286/words/047b840b-35da-42fd-b96d-6403f63a3692/1787679285914_words_047b840b-35da-42fd-b96d-6403f63a3692.jpg.jpg","wash.jpg","words/047b840b-35da-42fd-b96d-6403f63a3692/1787679285914_words_047b840b-35da-42fd-b96d-6403f63a3692.jpg",273,"047b840b-35da-42fd-b96d-6403f63a3692"
"Watch","দেখা","Verb/Noun","https://res.cloudinary.com/ds8p3rvyx/image/upload/v1787678786/words/afd19ed9-e93b-43da-8d17-2286714bad52/1787678785640_words_afd19ed9-e93b-43da-8d17-2286714bad52.jpeg.jpg","watch.jpeg","words/afd19ed9-e93b-43da-8d17-2286714bad52/1787678785640_words_afd19ed9-e93b-43da-8d17-2286714bad52.jpeg",110,"afd19ed9-e93b-43da-8d17-2286714bad52"
"Water","পানি","Noun","https://res.cloudinary.com/ds8p3rvyx/image/upload/v1787678786/words/2376fc89-2ba8-4bdb-b219-0c26d3ddbe58/1787678785756_words_2376fc89-2ba8-4bdb-b219-0c26d3ddbe58.jpeg.jpg","Water.jpeg","words/2376fc89-2ba8-4bdb-b219-0c26d3ddbe58/1787678785756_words_2376fc89-2ba8-4bdb-b219-0c26d3ddbe58.jpeg",111,"2376fc89-2ba8-4bdb-b219-0c26d3ddbe58"
"water can","পানি দেওয়ার পাত্র","n","https://res.cloudinary.com/ds8p3rvyx/image/upload/v1787679286/words/539cb17b-5899-4239-9904-61a4423fa187/1787679286027_words_539cb17b-5899-4239-9904-61a4423fa187.jpg.jpg","water can.jpg","words/539cb17b-5899-4239-9904-61a4423fa187/1787679286027_words_539cb17b-5899-4239-9904-61a4423fa187.jpg",274,"539cb17b-5899-4239-9904-61a4423fa187"
"Wednesday","বুধবার","n","https://res.cloudinary.com/ds8p3rvyx/image/upload/v1787679287/words/1260d10c-eeb4-44a4-9fe4-a2cf289bd169/1787679286768_words_1260d10c-eeb4-44a4-9fe4-a2cf289bd169.jpg.jpg","Wednesday.jpg","words/1260d10c-eeb4-44a4-9fe4-a2cf289bd169/1787679286768_words_1260d10c-eeb4-44a4-9fe4-a2cf289bd169.jpg",275,"1260d10c-eeb4-44a4-9fe4-a2cf289bd169"
"week","সপ্তাহ","n","https://res.cloudinary.com/ds8p3rvyx/image/upload/v1787678787/words/e8d87b14-bb20-497e-bab5-3590d852c207/1787678786340_words_e8d87b14-bb20-497e-bab5-3590d852c207.jpeg.jpg","Week.jpeg","words/e8d87b14-bb20-497e-bab5-3590d852c207/1787678786340_words_e8d87b14-bb20-497e-bab5-3590d852c207.jpeg",112,"e8d87b14-bb20-497e-bab5-3590d852c207"
"What","কি","Pronoun","https://res.cloudinary.com/ds8p3rvyx/image/upload/v1787678787/words/abe06582-eeaf-479d-95a7-a7beb4dd8526/1787678786714_words_abe06582-eeaf-479d-95a7-a7beb4dd8526.jpeg.jpg","What.jpeg","words/abe06582-eeaf-479d-95a7-a7beb4dd8526/1787678786714_words_abe06582-eeaf-479d-95a7-a7beb4dd8526.jpeg",113,"abe06582-eeaf-479d-95a7-a7beb4dd8526"
"Where","কোথায়","Adverb/Pronoun","https://res.cloudinary.com/ds8p3rvyx/image/upload/v1787679287/words/00547dc4-ab99-41e2-97c1-fedc5eca9f8e/1787679286986_words_00547dc4-ab99-41e2-97c1-fedc5eca9f8e.jpg.jpg","where.jpg","words/00547dc4-ab99-41e2-97c1-fedc5eca9f8e/1787679286986_words_00547dc4-ab99-41e2-97c1-fedc5eca9f8e.jpg",276,"00547dc4-ab99-41e2-97c1-fedc5eca9f8e"
"Which","কোনটি","Pronoun/Determiner","https://res.cloudinary.com/ds8p3rvyx/image/upload/v1787679287/words/71b90f40-a7fa-49e1-9111-034792f4f3a8/1787679287096_words_71b90f40-a7fa-49e1-9111-034792f4f3a8.jpg.jpg","Which.jpg","words/71b90f40-a7fa-49e1-9111-034792f4f3a8/1787679287096_words_71b90f40-a7fa-49e1-9111-034792f4f3a8.jpg",277,"71b90f40-a7fa-49e1-9111-034792f4f3a8"
"while","যখন; অল্প সময়","conj./n.","https://res.cloudinary.com/ds8p3rvyx/image/upload/v1787679288/words/b8d57374-ad38-4364-bd23-6edc9e06cfac/1787679287896_words_b8d57374-ad38-4364-bd23-6edc9e06cfac.jpg.jpg","while.jpg","words/b8d57374-ad38-4364-bd23-6edc9e06cfac/1787679287896_words_b8d57374-ad38-4364-bd23-6edc9e06cfac.jpg",279,"b8d57374-ad38-4364-bd23-6edc9e06cfac"
"Who","কে","Pronoun","https://res.cloudinary.com/ds8p3rvyx/image/upload/v1787679288/words/2e6b97b7-4de5-4b54-9c7f-6100f5a278fb/1787679288057_words_2e6b97b7-4de5-4b54-9c7f-6100f5a278fb.jpg.jpg","who.jpg","words/2e6b97b7-4de5-4b54-9c7f-6100f5a278fb/1787679288057_words_2e6b97b7-4de5-4b54-9c7f-6100f5a278fb.jpg",280,"2e6b97b7-4de5-4b54-9c7f-6100f5a278fb"
"Window","জানালা","Noun","https://res.cloudinary.com/ds8p3rvyx/image/upload/v1787678787/words/267c01e5-7b2c-4358-9b8c-29114e7c9809/1787678786907_words_267c01e5-7b2c-4358-9b8c-29114e7c9809.jpeg.jpg","window.jpeg","words/267c01e5-7b2c-4358-9b8c-29114e7c9809/1787678786907_words_267c01e5-7b2c-4358-9b8c-29114e7c9809.jpeg",114,"267c01e5-7b2c-4358-9b8c-29114e7c9809"
"word","শব্দ","n.","https://res.cloudinary.com/ds8p3rvyx/image/upload/v1787678787/words/35873b32-7053-4da1-8364-54cc329bad7f/1787678787019_words_35873b32-7053-4da1-8364-54cc329bad7f.jpeg.jpg","word.jpeg","words/35873b32-7053-4da1-8364-54cc329bad7f/1787678787019_words_35873b32-7053-4da1-8364-54cc329bad7f.jpeg",115,"35873b32-7053-4da1-8364-54cc329bad7f"
"Work","কাজ","Noun/Verb","https://res.cloudinary.com/ds8p3rvyx/image/upload/v1787679289/words/a6a7489e-72e8-445a-984d-c673fb6b5a2a/1787679288330_words_a6a7489e-72e8-445a-984d-c673fb6b5a2a.jpg.jpg","work.jpg","words/a6a7489e-72e8-445a-984d-c673fb6b5a2a/1787679288330_words_a6a7489e-72e8-445a-984d-c673fb6b5a2a.jpg",281,"a6a7489e-72e8-445a-984d-c673fb6b5a2a"
"write","লেখা","v","https://res.cloudinary.com/ds8p3rvyx/image/upload/v1787678788/words/78f3a17e-755e-45b9-a995-295c4377333c/1787678787325_words_78f3a17e-755e-45b9-a995-295c4377333c.jpeg.jpg","Write.jpeg","words/78f3a17e-755e-45b9-a995-295c4377333c/1787678787325_words_78f3a17e-755e-45b9-a995-295c4377333c.jpeg",116,"78f3a17e-755e-45b9-a995-295c4377333c"
"Year","বছর","Noun","https://res.cloudinary.com/ds8p3rvyx/image/upload/v1787678788/words/c3856f2a-a489-4a9c-b57e-a982625f70c4/1787678787759_words_c3856f2a-a489-4a9c-b57e-a982625f70c4.jpeg.jpg","year.jpeg","words/c3856f2a-a489-4a9c-b57e-a982625f70c4/1787678787759_words_c3856f2a-a489-4a9c-b57e-a982625f70c4.jpeg",117,"c3856f2a-a489-4a9c-b57e-a982625f70c4"
"Young","তরুণ / ছোট","Adjective","https://res.cloudinary.com/ds8p3rvyx/image/upload/v1787678789/words/0db38339-e649-47bf-9d1d-bc209538b4ed/1787678788144_words_0db38339-e649-47bf-9d1d-bc209538b4ed.jpeg.jpg","young.jpeg","words/0db38339-e649-47bf-9d1d-bc209538b4ed/1787678788144_words_0db38339-e649-47bf-9d1d-bc209538b4ed.jpeg",118,"0db38339-e649-47bf-9d1d-bc209538b4ed"
"Zebra","জেব্রা","Noun","https://res.cloudinary.com/ds8p3rvyx/image/upload/v1787678789/words/e17c04a9-7a7c-407c-a3da-a6893bf913cb/1787678788204_words_e17c04a9-7a7c-407c-a3da-a6893bf913cb.jpeg.jpg","Zebra.jpeg","words/e17c04a9-7a7c-407c-a3da-a6893bf913cb/1787678788204_words_e17c04a9-7a7c-407c-a3da-a6893bf913cb.jpeg",119,"e17c04a9-7a7c-407c-a3da-a6893bf913cb"
"zebra crossing","জেব্রা ক্রসিং","Noun","https://res.cloudinary.com/ds8p3rvyx/image/upload/v1787679289/words/17a2fbd8-c0d6-43d1-a1c9-98ae3a4c389d/1787679288388_words_17a2fbd8-c0d6-43d1-a1c9-98ae3a4c389d.jpg.jpg","zebra crossing.jpg","words/17a2fbd8-c0d6-43d1-a1c9-98ae3a4c389d/1787679288388_words_17a2fbd8-c0d6-43d1-a1c9-98ae3a4c389d.jpg",282,"17a2fbd8-c0d6-43d1-a1c9-98ae3a4c389d"
"Zoo","চিড়িয়াখানা","Noun","https://res.cloudinary.com/ds8p3rvyx/image/upload/v1787678789/words/a4a0a6d3-b747-430a-9b85-9cd1a882da9d/1787678788423_words_a4a0a6d3-b747-430a-9b85-9cd1a882da9d.jpeg.jpg","Zoo.jpeg","words/a4a0a6d3-b747-430a-9b85-9cd1a882da9d/1787678788423_words_a4a0a6d3-b747-430a-9b85-9cd1a882da9d.jpeg",120,"a4a0a6d3-b747-430a-9b85-9cd1a882da9d"
