suggested_english_word,image_file_count,image_files
"About",1,"About.jpg"
"Academic",1,"Academic.jpg"
"According to",1,"According to.jpg"
"Act",1,"Act.jpg"
"Activities",1,"Activities.png"
"Against",1,"Against.jpeg"
"Ahed",1,"Ahed.png"
"Along",1,"Along.jpg"
"Aloud",1,"Aloud.jpg"
"An",1,"An.jpg"
"And",1,"And.png"
"Answering",1,"Answering.jpg"
"Appear",1,"Appear.png"
"Apple",2,"Apple.jpg | Apple.png"
"Are",1,"Are.png"
"Arm",2,"Arm.jpg | Arm.png"
"Around",1,"Around.png"
"Arrow",1,"Arrow.png"
"As",1,"As.jpg"
"Ash",1,"Ash.jpg"
"Ask",1,"Ask.jpg"
"Asking",1,"Asking.jpg"
"Aunt",1,"Aunt.jpg"
"Away",1,"Away.png"
"Baby",1,"Baby.jpg"
"Bad",1,"Bad.png"
"Bangladesh",1,"Bangladesh.jpg"
"Basket",1,"Basket.png"
"Bat",2,"Bat.jpg | Bat.png"
"Be",1,"Be.jpg"
"Beak",1,"Beak.jpg"
"Become",1,"Become.png"
"Begin",1,"Begin.png"
"Bell",1,"Bell.jpg"
"Beside",1,"Beside.png"
"Best",1,"Best.jpg"
"Bird",1,"Bird.png"
"Black",1,"Black.jpg"
"Blackbird",1,"Blackbird.jpg"
"Blank",1,"Blank.png"
"Blue",1,"Blue.png"
"Body",1,"Body.png"
"Bottom",1,"Bottom.png"
"Bow",1,"Bow.png"
"Box",2,"Box.jpg | Box.png"
"Boy",1,"Boy.png"
"Branch",1,"Branch.jpg"
"Brave",1,"Brave.jpg"
"Bright",1,"Bright.jpg"
"Brim",1,"Brim.png"
"Brown",1,"Brown.png"
"Bus",1,"Bus.jpg"
"By",1,"By.jpg"
"Cabbage",1,"Cabbage.png"
"Cage",1,"Cage.jpg"
"Cake",1,"Cake.png"
"Can",1,"Can.png"
"Cap",1,"Cap.jpg"
"Card",1,"Card.jpg"
"Care",1,"Care.jpg"
"Chain",1,"Chain.jpg"
"Choose",1,"Choose.png"
"Chores",1,"Chores.jpg"
"Chorus",1,"Chorus.jpg"
"Clap",1,"Clap.png"
"Clapping",1,"Clapping.jpg"
"Classroom",1,"Classroom.png"
"Clean up",1,"Clean up.png"
"Clock",1,"Clock.png"
"Comma",1,"Comma.png"
"Community",1,"Community.jpg"
"Connect",1,"Connect.png"
"Continue",1,"Continue.jpg"
"Copy",1,"Copy.png"
"Cot",1,"Cot.png"
"Could",1,"Could.png"
"Cousin",1,"Cousin.jpg"
"Cowshed",1,"Cowshed.jpg"
"Craft",1,"Craft.jpg"
"Cricket",1,"Cricket.png"
"Cries",1,"Cries.jpg"
"Crocodile",1,"Crocodile.png"
"Cross",1,"Cross.jpg"
"Cruel",1,"Cruel.png"
"Cultivate",1,"Cultivate.jpg"
"Curriculum",1,"Curriculum.jpg"
"Cut",1,"Cut.jpg"
"Cutter",1,"Cutter.png"
"Danced",1,"Danced.png"
"Dead",1,"Dead.jpeg"
"Dear",1,"Dear.jpg"
"Death",1,"Death.png"
"Den",1,"Den.jpg"
"Diddle",1,"Diddle.jpg"
"Difficult",1,"Difficult.png"
"Dinosaur",1,"Dinosaur.png"
"Discuss",1,"Discuss.png"
"Display",1,"Display.jpg"
"Distribute",1,"Distribute.png"
"Distribution",1,"Distribution.jpg"
"Divide",1,"Divide.png"
"Do",1,"Do.jpg"
"Does",1,"Does.png"
"Dog house",1,"Dog house.png"
"Doing",1,"Doing.jpg"
"Domestic",1,"Domestic.png"
"Done",1,"Done.png"
"Dots",1,"Dots.png"
"Drill",2,"Drill.jpg | Drill.png"
"Drop",1,"Drop.png"
"Eagle",1,"Eagle.jpg"
"Eating",1,"Eating.jpeg"
"Eggs",1,"Eggs.jpg"
"Eight",1,"Eight.jpg"
"Ending",1,"Ending.jpg"
"Enjoy",1,"Enjoy.jpg"
"Enter",1,"Enter.png"
"Envelop",1,"Envelop.jpg"
"Eraser",1,"Eraser.jpg"
"Ever",1,"Ever.jpg"
"Every",1,"Every.jpg"
"Everyone",1,"Everyone.jpg"
"Example",1,"Example.png"
"Excuse",1,"Excuse.jpg"
"Excuse me",1,"Excuse me.jpg"
"Exit",1,"Exit.jpg"
"Eye",1,"Eye.jpg"
"Face",1,"Face.jpg"
"fall",1,"fall.jpg"
"Falling",1,"Falling.jpg"
"fan",2,"fan.jpg | Fan.png"
"far",1,"far.jpg"
"fast",1,"fast.jpg"
"Fast Foods",1,"Fast Foods.jpg"
"Fat",1,"Fat.jpg"
"feather",1,"feather.jpg"
"Feet",1,"Feet.jpg"
"female",1,"female.jpg"
"fiday",1,"fiday.jpg"
"Fiddle",1,"Fiddle.jpg"
"fill",2,"fill.jpg | Fill.png"
"Final",1,"Final.png"
"finger",1,"finger.jpg"
"fingers",1,"fingers.jpg"
"fire",1,"fire.jpg"
"First",1,"First.jpg"
"Five",1,"Five.jpg"
"fix",1,"fix.jpg"
"flap",1,"flap.jpg"
"Flash",1,"Flash.png"
"Flew",1,"Flew.JPG"
"Flies",1,"Flies.JPG"
"floating",1,"floating.jpg"
"Flower",1,"Flower.jpg"
"fluency",1,"fluency.jpg"
"Follow",1,"Follow.JPG"
"Following",1,"Following.JPG"
"foot",2,"foot.jpg | Foot.png"
"for",1,"for.jpg"
"Forest",1,"Forest.jpg"
"forget",1,"forget.jpg"
"fork",1,"fork.jpg"
"forth",1,"forth.jpg"
"four",2,"four.jpg | Four.png"
"Free",1,"Free.jpg"
"friends",1,"friends.jpg"
"Game",1,"Game.jpg"
"gate",1,"gate.jpg"
"gently",1,"gently.jpg"
"germs",1,"germs.jpg"
"gib",1,"gib.jpg"
"giraffe",1,"giraffe.jpg"
"glass",1,"glass.jpg"
"glove",1,"glove.jpg"
"glue",1,"glue.jpg"
"goes",1,"goes.jpg"
"Golden",1,"Golden.jpeg"
"got",1,"got.jpg"
"Government",1,"Government.jpg"
"Grain",1,"Grain.jpg"
"grandfather",1,"grandfather.jpg"
"Grandma",1,"Grandma.JPG"
"grandmother",1,"grandmother.jpg"
"Grandpa",1,"Grandpa.jpg"
"grape",1,"grape.jpg"
"grasshoper",1,"grasshoper.jpg"
"gray",1,"gray.jpg"
"greatful",1,"greatful.jpg"
"Green",1,"Green.JPG"
"Ground",1,"Ground.jpg"
"growing",1,"growing.jpg"
"guide",1,"guide.jpg"
"gum",1,"gum.jpg"
"gun",1,"gun.jpg"
"gurgle",1,"gurgle.jpg"
"gym",1,"gym.jpg"
"hair",1,"hair.jpg"
"hammer",1,"hammer.jpg"
"Hanger",1,"Hanger.jpeg"
"Hard",1,"Hard.jpg"
"Hare",1,"Hare.jpg"
"Has",1,"Has.jpg"
"Hat",1,"Hat.JPG"
"Hay",1,"Hay.jpg"
"Heart",1,"Heart.jpg"
"Helicopter",1,"Helicopter.jpg"
"Hickory",2,"Hickory.jpeg | Hickory.jpg"
"Hippo",1,"Hippo.jpg"
"Hold",1,"Hold.jpg"
"Hole",1,"Hole.jpg"
"Hook",1,"Hook.jpg"
"Hopped",1,"Hopped.jpg"
"Horn",2,"Horn.JPG | Horn.png"
"Hour",1,"Hour.jpg"
"Hug",1,"Hug.jpg"
"Humpty",1,"Humpty.jpg"
"Hungry",1,"Hungry.jpg"
"Hurray",1,"Hurray.jpg"
"Hut",1,"Hut.jpg"
"Ice",1,"Ice.jpg"
"Ice Cream",1,"Ice Cream.jpg"
"Infant",1,"Infant.jpg"
"Ink",1,"Ink.jpg"
"Inky",1,"Inky.jpg"
"Insect",1,"Insect.jpg"
"Iron",1,"Iron.jpg"
"Jacket",1,"Jacket.jpg"
"Jail",1,"Jail.jpg"
"Jam",1,"Jam.jpg"
"Jeans",1,"Jeans.jpg"
"Jeep",1,"Jeep.jpg"
"Jelly",1,"Jelly.jpg"
"Jellyfish",1,"Jellyfish.jpg"
"Jet",1,"Jet.jpg"
"Jug",1,"Jug.jpg"
"Juice",1,"Juice.jpg"
"Juicy",1,"Juicy.jpg"
"Jump",1,"Jump.jpg"
"Kabaddi",1,"Kabaddi.JPG"
"Kangaroo",1,"Kangaroo.jpg"
"Kennel",1,"Kennel.jpg"
"Kid",1,"Kid.jpg"
"King",1,"King.jpg"
"Kingfisher",1,"Kingfisher.jpg"
"Kit",1,"Kit.jpg"
"Kiwi",1,"Kiwi.jpg"
"Knee",1,"Knee.jpg"
"Knock",1,"Knock.jpg"
"Koala",1,"Koala.jpg"
"Ladybug",1,"Ladybug.jpg"
"Lair",1,"Lair.JPG"
"Land",1,"Land.jpg"
"Late Autumn",1,"Late Autumn.jpg"
"Leaves",1,"Leaves.jpg"
"Leg",1,"Leg.jpg"
"Lemon",1,"Lemon.jpg"
"Lesson",1,"Lesson.jpg"
"Library1",1,"Library1.jpg"
"Lid",1,"Lid.jpg"
"Light",1,"Light.jpg"
"Lighthouse",1,"Lighthouse.jpg"
"Lightning",1,"Lightning.jpg"
"Lip",1,"Lip.jpg"
"Lipstick",1,"Lipstick.jpg"
"Lizard",1,"Lizard.jpg"
"Log",1,"Log.jpg"
"Lollipop",1,"Lollipop.jpg"
"Lotus",1,"Lotus.jpg"
"Lowercase",1,"Lowercase.jpg"
"Map",1,"Map.png"
"Mark",1,"Mark.jpg"
"Mask",1,"Mask.jpg"
"Mat",1,"Mat.jpg"
"Match",1,"Match.jfif"
"Meal",1,"Meal.jpg"
"Meat",1,"Meat.jpg"
"Member",1,"Member.jpg"
"Meow.jgp",1,"Meow.jgp.jfif"
"Mess",1,"Mess.jpg"
"Mitten",1,"Mitten.jpg"
"Mix",1,"Mix.jpg"
"Model",1,"Model.jpg"
"Money",1,"Money.JPG"
"Mop",1,"Mop.jpg"
"Moth",1,"Moth.jpg"
"Motorbike",1,"Motorbike.jpg"
"Mouse",1,"Mouse.jpg"
"Move",1,"Move.jpg"
"Mud",1,"Mud.jpg"
"Muffin",1,"Muffin.jpg"
"Mug",1,"Mug.jpg"
"Mum",1,"Mum.jpg"
"Mushroom",1,"Mushroom.jpg"
"Music",1,"Music.jpg"
"Muslim",1,"Muslim.jpg"
"Nail1",1,"Nail1.jpg"
"Nap",1,"Nap.jpg"
"Neck",1,"Neck.jpg"
"Necklace",1,"Necklace.jpg"
"Needle",1,"Needle.jpg"
"Nib",1,"Nib.jpg"
"Nine",1,"Nine.jpg"
"Nose",1,"Nose.jpg"
"Note",1,"Note.jpg"
"Nurse",1,"Nurse.jpg"
"Nut",1,"Nut.jpg"
"Object",1,"Object.jpg"
"Octagon",1,"Octagon.jpg"
"Octopus",1,"Octopus.jpg"
"Oil",1,"Oil.jpg"
"One",2,"One.jpg | One.png"
"Onion",1,"Onion.jpg"
"Orchid",1,"Orchid.jpg"
"Ostrich",1,"Ostrich.jpg"
"Oven",1,"Oven.jpg"
"Owl",1,"Owl.png"
"Ox",1,"Ox.jpg"
"Paint",1,"Paint.jpg"
"Pair",1,"Pair.jpg"
"Pancake",1,"Pancake.jpg"
"Pane",1,"Pane.jpg"
"paper",1,"paper.png"
"Park",1,"Park.jpg"
"Parking",1,"Parking.jpg"
"Parrot",1,"Parrot.png"
"Passing",1,"Passing.png"
"Path",1,"Path.jpg"
"Pear",1,"Pear.jpg"
"Peas",1,"Peas.jpg"
"Pebble",1,"Pebble.png"
"Penguin",1,"Penguin.jpg"
"Pet",1,"Pet.png"
"Petals",1,"Petals.jpg"
"Phone",1,"Phone.png"
"Pick",1,"Pick.png"
"Pig",1,"Pig.jpg"
"Pin",1,"Pin.jpg"
"Pink",1,"Pink.jpg"
"Pizza",1,"Pizza.jpg"
"Place",1,"Place .jpg"
"Plastic",1,"Plastic.png"
"Plate",1,"Plate.jpg"
"Plural",1,"Plural.jpg"
"Point",1,"Point.jpg"
"Polar Bear",1,"Polar Bear.png"
"Police",2,"Police.jfif | Police.jpg"
"Policy",1,"Policy .jpg"
"Politely",1,"Politely.jpg"
"Postman",1,"Postman.jpg"
"Potato",1,"Potato.jpg"
"Power",1,"Power .jpg"
"Practice",1,"Practice.jpg"
"pray",1,"pray.jpeg"
"Pretend",1,"Pretend.jpg"
"Pretty",1,"Pretty.jpg"
"Profession",1,"Profession.jfif"
"Project",1,"Project.jpg"
"Properly",1,"Properly.png"
"Pull",1,"Pull.jpg"
"Pumpkin",1,"Pumpkin.jpg"
"Punctuation",1,"Punctuation.png"
"Puppy",1,"Puppy.jpg"
"Purple",1,"Purple.jpg"
"Puzzle",1,"Puzzle.jpg"
"Quarter",1,"Quarter.jpg"
"Queen",1,"Queen.png"
"Quickly",1,"Quickly.png"
"Quince",1,"Quince.jpg"
"Quize",1,"Quize.jpg"
"Quran",1,"Quran.jpg"
"Rabbit",1,"Rabbit.jpg"
"Rack",1,"Rack.jpg"
"Raddish",1,"Raddish.jpg"
"Rag",1,"Rag.jpg"
"Rail",1,"Rail.jpg"
"Rainbow",1,"Rainbow .jpg"
"Raindrop",2,"Raindrop .jpg | Raindrop.jfif"
"Rainy",1,"Rainy.jpg"
"Ram",1,"Ram.jpg"
"Ran",1,"Ran.jfif"
"Ready",1,"Ready.jpg"
"Real",1,"Real.png"
"Rearrange",1,"Rearrange.png"
"Recite",1,"Recite.png"
"Rectangle",1,"Rectangle.png"
"Red",1,"Red.jfif"
"Repeat",1,"Repeat.jfif"
"Reply",1,"Reply.jfif"
"Represent",1,"Represent.jpg"
"Review",1,"Review.jpg"
"Rib",1,"Rib.jpg"
"Ride",2,"Ride.jfif | Ride.jpg"
"Right",2,"Right.jfif | Right.jpg"
"Ring",1,"Ring.jpg"
"Rip",1,"Rip.png"
"Rise",1,"Rise.jfif"
"Road",1,"Road.jfif"
"Robot",1,"Robot.jfif"
"Rocket",1,"Rocket.jfif"
"Rod",1,"Rod.jfif"
"Role",1,"Role.jpg"
"Roleplay",1,"Roleplay.jfif"
"Roof",1,"Roof.jpg"
"Rooster",1,"Rooster.png"
"Rose",1,"Rose.jpg"
"Round",2,"Round.jfif | Round.png"
"Rub",1,"Rub.png"
"Rug",1,"Rug.jpg"
"Rule",1,"Rule.png"
"Ruler",1,"Ruler.jpg"
"Run",1,"Run.png"
"Sat",1,"Sat.png"
"Saw",1,"Saw.png"
"saw(1)",1,"saw(1).png"
"Say",2,"Say.jpg | Say.png"
"Sea",1,"Sea.jpg"
"Seahorse",1,"Seahorse.jpg"
"Second",1,"Second.jpg"
"Seven",1,"Seven.jpg"
"Shade",1,"Shade.png"
"Shake",1,"Shake.jpg"
"Shape",2,"Shape.jfif | Shape.png"
"Share",2,"Share.jfif | Share.png"
"Shark",1,"Shark.png"
"Sharpener",1,"Sharpener.jpg"
"She",2,"She.jfif | She.png"
"Shop",1,"Shop.jfif"
"Short",2,"Short.jfif | Short.jpg"
"Shortest",1,"Shortest.png"
"Shoulder",1,"Shoulder.jpg"
"Shout",2,"Shout.jfif | Shout.png"
"Shriek",1,"Shriek.png"
"Side",2,"Side.jpg | Side.png"
"Sign",1,"Sign.jfif"
"Signal",1,"Signal.jfif"
"Silent",2,"Silent.jfif | Silent.png"
"Singular",1,"Singular.png"
"Sip",1,"Sip.jpg"
"Six",2,"Six.jpg | Six.png"
"Size",1,"Size.jfif"
"Skip",1,"Skip.jpg"
"Skirt",1,"Skirt.png"
"Slipac",1,"Slipac.jfif"
"Smart",1,"Smart.jfif"
"Smell",1,"Smell.png"
"Snake",1,"Snake.jpg"
"Snap",1,"Snap.png"
"Sneaker",1,"Sneaker.png"
"Snowball",1,"Snowball.jpg"
"Soon",1,"Soon.jfif"
"Spend",1,"Spend.png"
"Spider",1,"Spider.jpg"
"Spoon",1,"Spoon.jfif"
"Sport",1,"Sport.jfif"
"Squack",1,"Squack.jpg"
"Stage",1,"Stage.jfif"
"Strength",1,"Strength.jpg"
"Strong",1,"Strong.png"
"Study",1,"Study.jfif"
"Sunlight",1,"Sunlight.jfif"
"Survive",1,"Survive.jfif"
"Table",1,"Table.jpg"
"tall",1,"tall.jfif"
"Tap",1,"Tap.jfif"
"Telescop",1,"Telescop.jfif"
"Ten",1,"Ten.jpg"
"Textbook",1,"Textbook.jfif"
"Thin",1,"Thin.jfif"
"Thing",1,"Thing.png"
"Third",1,"Third.jpg"
"Thirsty",1,"Thirsty.jfif"
"Three",1,"Three.jpg"
"Ticket",1,"Ticket.jfif"
"Tired",1,"Tired.jfif"
"Toes",1,"Toes.jpg"
"Together",1,"Together.jfif"
"Too",1,"Too.png"
"tooth",1,"tooth.jpeg"
"Toothbrush",1,"Toothbrush.jpeg"
"top",1,"top.jpeg"
"tour",1,"tour.jfif"
"Town",1,"Town.jfif"
"track",1,"track.jpeg"
"track 2",1,"track 2.jpeg"
"traffic jam",1,"traffic jam.jpeg"
"traffic light",1,"traffic light.jpeg"
"traffic police",1,"traffic police.jpeg"
"train",1,"train.jpeg"
"Tree hole",1,"Tree hole.jfif"
"truck",1,"truck.jpeg"
"tub",1,"tub.jpeg"
"tummy",1,"tummy .jpeg"
"tune",1,"tune.jpeg"
"turkey",1,"turkey.jpeg"
"Turn",2,"Turn.jfif | turn.jpeg"
"Turn left",1,"Turn left.jfif"
"Turn off",1,"Turn off.png"
"Turn right",1,"Turn right.png"
"Turns",1,"Turns.png"
"Turtle",2,"Turtle.jfif | Turtle.jpg"
"turtle 2",1,"turtle 2.jpeg"
"twinkle",1,"twinkle.jpeg"
"Two",1,"Two.png"
"U-Turn",1,"U-Turn.jfif"
"Uncle",1,"Uncle.jfif"
"Underline",1,"Underline.jpg"
"Understand",1,"Understand.jpg"
"Unicorn",1,"Unicorn.jpeg"
"Unicycle",1,"Unicycle.jpeg"
"Unique",1,"Unique.jpeg"
"Unit",1,"Unit.png"
"Unity",2,"Unity.jpeg | Unity.jpg"
"university",1,"university.jpeg"
"unscramble",1,"unscramble.jpeg"
"Until",1,"Until.jpg"
"Up",2,"Up.jpg | Up.png"
"Us",2,"Us.jpg | Us.png"
"used",1,"used.jpg"
"using",1,"using.jpg"
"van",3,"van.jpeg | Van.jpg | Van.png"
"Various",1,"Various.jpg"
"Vat",1,"Vat.jpg"
"vegetable",2,"vegetable.jpeg | Vegetable.jpg"
"vest",1,"vest.jpeg"
"vet",1,"vet.jpeg"
"village",2,"village .jpeg | Village.jpg"
"vines",1,"vines.jpeg"
"vines 2",1,"vines 2.jpeg"
"violet",1,"violet.jpeg"
"Violin",1,"Violin.jpeg"
"vowel",1,"vowel.jpeg"
"waifer",1,"waifer.jpeg"
"waiter",1,"waiter.jpeg"
"Wake up",1,"Wake up.jpeg"
"Walk",1,"Walk.png"
"Wall",3,"Wall .jpeg | wall.jpg | Wall.png"
"wand",1,"wand.jpeg"
"warm",1,"warm.jpeg"
"Warm up",1,"Warm up.jpg"
"Waterfall",1,"Waterfall .jpeg"
"Watermelon",1,"Watermelon.jpeg"
"wave",1,"wave.jpg"
"Way",2,"Way.jpeg | way.jpg"
"We",1,"We.jpg"
"weather",1,"weather.jpeg"
"Weave",1,"Weave.jpeg"
"web",2,"web.jpeg | Web.png"
"wed",1,"wed.jpeg"
"welcome",1,"welcome.jpg"
"well",1,"well.jpg"
"well done",1,"well done.jpg"
"wet",1,"wet.jpeg"
"Whale",2,"Whale.jpeg | whale.jpg"
"Wheel",1,"Wheel.jpeg"
"when",1,"when.jpg"
"whisker",1,"whisker.jpeg"
"White",1,"White.jpg"
"whole",1,"whole.jpg"
"why",1,"why.jpg"
"Wide",1,"Wide.jpg"
"wig",1,"wig.jpeg"
"wiggling 2",1,"wiggling 2.jpeg"
"Will",1,"Will.jpg"
"win",1,"win.jpeg"
"wind",1,"wind.jpeg"
"windy",1,"windy.jpeg"
"wing",1,"wing.jpeg"
"wink",1,"wink.jpeg"
"Winner",1,"Winner.jpg"
"winter",1,"winter .jpeg"
"with",1,"with.jpg"
"wobble",1,"wobble.jpeg"
"wolf",1,"wolf.jpeg"
"woman",1,"woman.jpeg"
"women",1,"women.jpg"
"wonder",1,"wonder.jpeg"
"wonder - surprise",1,"wonder - surprise.jpeg"
"wooden",1,"wooden.jpg"
"Woof",1,"Woof.jpg"
"woollen",1,"woollen.jpeg"
"word 2",1,"word 2.jpeg"
"worker",1,"worker.jpg"
"world",1,"world.jpeg"
"worm",1,"worm.jpeg"
"wrong",1,"wrong.jpeg"
"x ray",1,"x ray.jpeg"
"X ray fish",1,"X ray fish.jpeg"
"xray",1,"xray.jpg"
"Xylophone",1,"Xylophone.jpeg"
"Yacht",1,"Yacht.jpeg"
"Yak",1,"Yak.jpeg"
"Yam",1,"Yam.jpeg"
"Yarn",1,"Yarn.jpeg"
"Yawn",1,"Yawn.jpeg"
"Yell",1,"Yell .jpeg"
"Yellow",1,"Yellow.jpeg"
"yes",1,"yes.jpg"
"yo yo",1,"yo yo.jpg"
"yogurt",1,"yogurt.jpeg"
"yoke",1,"yoke.jpg"
"Yolk",1,"Yolk.jpeg"
"you",1,"you.jpg"
"your",1,"your.jpg"
"yourselves",1,"yourselves.jpg"
"Yoyo",1,"Yoyo.jpeg"
"yummy",1,"yummy.jpg"
"Zero",1,"Zero.jpeg"
"Zigzag",1,"Zigzag.jpeg"
"Zinni",1,"Zinni.jpeg"
"Zip",1,"Zip.jpeg"
"Zipper",1,"Zipper.jpeg"
"Zombie",1,"Zombie.jpeg"
"Zuccine",1,"Zuccine.jpeg"
